supplier_id,supplier_name,risk_score,latitude,longitude,region,tier,annual_spend_usd,last_audit_date
SUP-000001,Supplier 1,0.77,47.8,-16.03,LATAM,1,4606689,2025-08-07
SUP-000002,Supplier 2,0.44,17.23,-137.21,EMEA,2,2595147,2024-10-17
SUP-000003,Supplier 3,0.85,-28.17,24.9,APAC,3,3074412,2025-09-09
SUP-000004,Supplier 4,0.69,36.94,-123.69,APAC,1,1774633,2025-06-18
SUP-000005,Supplier 5,0.1,-49.02,-158.05,APAC,4,4454444,2026-05-22
SUP-000006,Supplier 6,0.97,40.67,-0.48,NA,1,384528,2024-08-07
SUP-000007,Supplier 7,0.76,16.7,55.93,NA,4,1389005,2024-01-25
SUP-000008,Supplier 8,0.78,-45.6,127.49,APAC,3,4954950,2024-04-30
SUP-000009,Supplier 9,0.14,-49.66,101.82,LATAM,4,2425782,2024-06-14
SUP-000010,Supplier 10,0.45,37.61,128.61,APAC,4,882120,2025-09-18
SUP-000011,Supplier 11,0.37,-21.92,93.62,EMEA,3,2074575,2024-05-18
SUP-000012,Supplier 12,0.92,55.61,73.17,LATAM,4,1283989,2024-05-06
SUP-000013,Supplier 13,0.64,39.07,-176.35,EMEA,2,2631181,2025-01-09
SUP-000014,Supplier 14,0.82,30.76,45.4,APAC,3,1187219,2026-01-08
SUP-000015,Supplier 15,0.44,-23.78,-136.63,EMEA,4,2002661,2025-02-04
SUP-000016,Supplier 16,0.23,32.16,-158.88,LATAM,1,4540627,2024-09-13
SUP-000017,Supplier 17,0.55,63.26,-123.69,EMEA,2,421014,2024-09-25
SUP-000018,Supplier 18,0.07,-48.1,116.39,LATAM,1,3820805,
SUP-000019,Supplier 19,0.82,-17.6,87.79,LATAM,3,400169,2025-02-13
SUP-000020,Supplier 20,0.63,-29.49,161.56,APAC,4,2292075,2024-12-13
SUP-000021,Supplier 21,0.75,-8.88,172.43,LATAM,1,3344980,2025-12-31
SUP-000022,Supplier 22,0.36,36.5,141.58,NA,3,4777560,2024-12-14
SUP-000023,Supplier 23,0.96,1.65,-132.15,EMEA,2,1257911,2024-12-02
SUP-000024,Supplier 24,0.89,14.19,136.22,LATAM,4,273389,2025-12-09
SUP-000025,Supplier 25,0.77,-19.16,121.91,APAC,1,3756735,2024-11-05
SUP-000026,Supplier 26,0.2,-41.63,133.59,EMEA,1,4469415,2025-04-26
SUP-000027,Supplier 27,0.47,-25.3,-125.39,APAC,1,2829637,2025-09-19
SUP-000028,Supplier 28,0.05,51.76,-137.95,NA,2,311532,2024-07-08
SUP-000029,Supplier 29,0.16,18.31,152.57,APAC,2,2508351,2024-05-01
SUP-000030,Supplier 30,0.68,-10.86,-117.42,EMEA,4,1961742,2026-03-13
SUP-000031,Supplier 31,0.74,42.69,-47.3,APAC,2,2262890,2024-10-07
SUP-000032,Supplier 32,0.96,-51.62,-15.85,EMEA,1,279484,2024-11-17
SUP-000033,Supplier 33,0.33,-26.99,-135.2,APAC,3,1593587,2025-07-10
SUP-000034,Supplier 34,0.37,-30.09,-172.57,LATAM,1,4994855,2024-04-07
SUP-000035,Supplier 35,0.47,68.1,177.87,APAC,2,238516,
SUP-000036,Supplier 36,0.2,31.79,135.6,NA,3,4572803,2025-01-27
SUP-000037,Supplier 37,0.14,20.31,148.44,LATAM,2,2592477,2026-07-03
SUP-000038,Supplier 38,0.48,-59.35,-77.56,LATAM,3,2928146,2025-06-25
SUP-000039,Supplier 39,0.23,-36.04,-100.76,EMEA,2,4668247,2025-06-30
SUP-000040,Supplier 40,0.67,22.62,-26.69,EMEA,4,1097044,2025-07-29
SUP-000041,Supplier 41,0.44,-10.64,-16.81,LATAM,2,4922184,2026-03-23
SUP-000042,Supplier 42,0.83,60.16,-177.98,NA,4,1391120,2026-02-27
SUP-000043,Supplier 43,0.7,39.41,100.53,NA,3,1751952,2024-01-23
SUP-000044,Supplier 44,0.32,-1.84,178.8,EMEA,3,2253221,2025-05-26
SUP-000045,Supplier 45,0.83,37.44,10.33,LATAM,1,3011669,2025-05-31
SUP-000046,Supplier 46,0.8,66.8,-40.23,EMEA,1,1620673,2024-07-30
SUP-000047,Supplier 47,0.39,-0.07,-38.61,NA,3,3967604,2026-07-09
SUP-000048,Supplier 48,0.29,23.53,-145.41,NA,2,116356,2024-09-04
SUP-000049,Supplier 49,0.68,59.43,-84.18,EMEA,2,3336353,2026-02-26
SUP-000050,Supplier 50,0.15,-27.67,0.77,LATAM,4,3284717,2024-04-05
SUP-000051,Supplier 51,0.21,55.25,-24.53,APAC,2,2677422,2025-07-22
SUP-000052,Supplier 52,0.02,-47.32,16.21,LATAM,2,3071005,2025-11-25
SUP-000053,Supplier 53,0.78,24.3,125.66,APAC,3,3740938,2025-04-20
SUP-000054,Supplier 54,0.66,41.77,-98.91,EMEA,4,4522510,2024-04-10
SUP-000055,Supplier 55,0.7,19.9,-170.04,APAC,4,1099726,2024-04-26
SUP-000056,Supplier 56,0.78,4.42,-166.24,EMEA,3,2389501,2025-07-25
SUP-000057,Supplier 57,0.46,20.26,-131.7,EMEA,1,2815324,2026-03-25
SUP-000058,Supplier 58,0.57,-40.28,25.37,APAC,1,1730097,2025-07-17
SUP-000059,Supplier 59,0.15,-31.98,110.95,LATAM,3,4869557,2024-04-05
SUP-000060,Supplier 60,0.12,-24.91,139.25,APAC,3,2562470,2026-01-11
SUP-000061,Supplier 61,0.67,17.71,48.64,NA,1,2967320,2025-03-09
SUP-000062,Supplier 62,0.47,-2.55,-34.87,NA,3,981528,2024-03-11
SUP-000063,Supplier 63,0.56,-28.22,-124.37,LATAM,4,2084800,2024-12-13
SUP-000064,Supplier 64,0.76,54.77,-35.49,EMEA,1,3131446,2024-07-10
SUP-000065,Supplier 65,0.63,-11.39,-60.33,NA,4,2147442,2026-07-20
SUP-000066,Supplier 66,0.55,-2.02,133.21,NA,2,3852464,2026-05-08
SUP-000067,Supplier 67,0.56,-6.74,-4.78,APAC,2,692251,2024-04-10
SUP-000068,Supplier 68,0.31,-36.35,-98.57,EMEA,3,775773,
SUP-000069,Supplier 69,0.04,35.11,-76.03,NA,1,1701558,2024-01-07
SUP-000070,Supplier 70,0.44,-1.7,-130.87,NA,1,1598732,
SUP-000071,Supplier 71,0.22,-57.89,150.69,APAC,4,4079111,2024-05-27
SUP-000072,Supplier 72,0.41,65.32,-161.88,NA,2,4340326,2025-12-06
SUP-000073,Supplier 73,0.85,46.05,-175.38,LATAM,1,2365070,2024-03-09
SUP-000074,Supplier 74,0.24,34.06,-114.12,EMEA,3,2532603,2026-05-01
SUP-000075,Supplier 75,0.07,52.98,111.91,NA,1,1478907,2024-08-06
SUP-000076,Supplier 76,0.29,57.88,8.45,LATAM,4,2663864,2024-09-05
SUP-000077,Supplier 77,0.3,-16.13,45.3,EMEA,1,3535279,2026-04-16
SUP-000078,Supplier 78,0.66,19.42,-51.22,NA,3,3614816,2026-04-30
SUP-000079,Supplier 79,0.56,19.15,-155.28,NA,2,4845152,2024-03-31
SUP-000080,Supplier 80,0.78,-25.25,128.22,APAC,4,2893685,2024-04-12
SUP-000081,Supplier 81,0.66,-31.15,-110.92,EMEA,3,1708188,2026-03-16
SUP-000082,Supplier 82,0.41,-45.19,-168.1,APAC,4,357203,2026-07-11
SUP-000083,Supplier 83,0.81,25.71,26.17,APAC,1,3442691,2025-04-06
SUP-000084,Supplier 84,0.17,41.52,-150.02,APAC,2,4021768,2024-06-04
SUP-000085,Supplier 85,0.03,38.92,-145.53,LATAM,4,2766510,2024-05-24
SUP-000086,Supplier 86,0.1,-18.88,108.14,NA,1,4614951,2024-09-08
SUP-000087,Supplier 87,0.72,-33.32,-3.02,LATAM,4,1591386,2025-10-09
SUP-000088,Supplier 88,0.46,-1.03,-93.06,LATAM,4,275853,2024-04-01
SUP-000089,Supplier 89,0.17,11.09,-54.49,APAC,3,3169401,2025-08-28
SUP-000090,Supplier 90,0.5,59.48,82.53,NA,1,615036,2026-01-28
SUP-000091,Supplier 91,0.16,53.73,-156.11,APAC,4,429738,2024-05-15
SUP-000092,Supplier 92,0.69,59.09,-138.07,APAC,4,3512856,2026-07-18
SUP-000093,Supplier 93,0.45,50.53,41.85,NA,2,2177648,2026-07-21
SUP-000094,Supplier 94,0.38,65.4,38.51,NA,3,3026324,2024-10-07
SUP-000095,Supplier 95,0.31,0.51,170.09,APAC,1,3741093,2024-04-15
SUP-000096,Supplier 96,0.63,-53.83,-45.16,NA,2,1918759,2024-11-03
SUP-000097,Supplier 97,0.36,-49.14,-156.57,NA,1,3059290,2024-08-31
SUP-000098,Supplier 98,0.1,-9.26,13.51,EMEA,3,2700850,2024-09-20
SUP-000099,Supplier 99,0.13,-26.5,49.8,LATAM,3,2904299,2026-05-23
SUP-000100,Supplier 100,0.95,-37.91,-129.74,NA,3,3519659,2024-05-26
SUP-000101,Supplier 101,0.9,63.92,19.03,NA,3,1908108,2024-10-26
SUP-000102,Supplier 102,0.7,-34.6,-108.8,APAC,4,2527337,2026-01-13
SUP-000103,Supplier 103,0.27,64.72,124.1,NA,1,2959811,
SUP-000104,Supplier 104,0.96,38.91,120.66,LATAM,1,709539,2024-02-27
SUP-000105,Supplier 105,0.77,23.32,-25.33,APAC,1,1065807,2024-10-11
SUP-000106,Supplier 106,0.71,27.88,168.03,EMEA,4,456285,2026-07-02
SUP-000107,Supplier 107,0.45,-16.91,172.72,LATAM,1,998139,2026-03-03
SUP-000108,Supplier 108,0.28,24.04,-133.47,EMEA,1,2199905,2026-05-25
SUP-000109,Supplier 109,0.1,-35.73,-47.62,NA,1,4688725,2026-03-26
SUP-000110,Supplier 110,0.89,61.9,36.12,EMEA,4,4615194,2024-04-21
SUP-000111,Supplier 111,0.46,-20.77,-149.46,NA,3,3816628,2025-01-13
SUP-000112,Supplier 112,0.21,-26.83,-42.24,EMEA,4,2793318,2025-05-14
SUP-000113,Supplier 113,0.31,32.45,-85.98,LATAM,1,1020599,2024-06-06
SUP-000114,Supplier 114,0.58,25.34,162.74,LATAM,2,1797518,
SUP-000115,Supplier 115,0.18,-1.33,-31.83,APAC,3,3833734,2025-07-23
SUP-000116,Supplier 116,0.85,22.22,94.56,EMEA,1,4544443,2026-03-15
SUP-000117,Supplier 117,0.75,-39.27,-40.79,APAC,4,4812893,2024-09-01
SUP-000118,Supplier 118,0.72,27.53,-132.55,APAC,4,1949274,2025-11-06
SUP-000119,Supplier 119,0.43,-24.82,130.73,NA,1,2438280,2024-04-09
SUP-000120,Supplier 120,0.62,-24.53,-179.85,EMEA,4,2550640,2024-01-22
SUP-000121,Supplier 121,0.58,-38.92,-159.86,EMEA,2,290680,2025-08-27
SUP-000122,Supplier 122,0.65,-16.79,-48.82,EMEA,2,591331,2024-03-05
SUP-000123,Supplier 123,0.09,-16.94,67.28,LATAM,4,235648,2024-09-17
SUP-000124,Supplier 124,0.42,-0.96,-56.99,EMEA,3,3689630,2026-01-19
SUP-000125,Supplier 125,0.05,-35.25,-156.13,NA,1,1129498,2025-04-14
SUP-000126,Supplier 126,0.49,-34.91,-65.58,NA,4,3504511,2024-12-21
SUP-000127,Supplier 127,0.33,10.43,-91.81,APAC,3,1882627,2024-10-01
SUP-000128,Supplier 128,0.15,-43.25,-178.05,EMEA,1,3973277,2025-09-22
SUP-000129,Supplier 129,0.11,29.56,12.53,NA,3,586493,2026-06-19
SUP-000130,Supplier 130,0.59,62.71,-138.01,APAC,3,1632704,2025-11-28
SUP-000131,Supplier 131,0.18,-4.52,-76.5,NA,2,1032042,2024-12-04
SUP-000132,Supplier 132,0.92,57.14,50.83,LATAM,2,2185905,2025-02-02
SUP-000133,Supplier 133,0.58,-47.22,81.04,NA,4,2814296,2024-04-07
SUP-000134,Supplier 134,0.35,-54.42,-85.16,NA,1,850025,2024-05-15
SUP-000135,Supplier 135,0.59,33.78,-61.49,NA,3,3338315,2024-09-10
SUP-000136,Supplier 136,0.03,38.93,-91.11,LATAM,4,4822879,2024-12-31
SUP-000137,Supplier 137,0.95,49.6,164.48,LATAM,4,225999,2026-07-23
SUP-000138,Supplier 138,0.48,-52.61,-111.41,LATAM,2,439525,2026-04-02
SUP-000139,Supplier 139,0.78,41.0,-114.05,APAC,2,4761548,2024-04-16
SUP-000140,Supplier 140,0.09,-11.05,-19.79,NA,4,3248576,2024-11-08
SUP-000141,Supplier 141,0.49,-20.57,-111.85,LATAM,2,4599019,2024-02-23
SUP-000142,Supplier 142,0.49,-37.51,-123.58,APAC,3,3529234,
SUP-000143,Supplier 143,0.93,69.48,-145.48,APAC,3,3589443,2024-12-19
SUP-000144,Supplier 144,0.57,-51.72,50.46,NA,3,797105,2026-06-24
SUP-000145,Supplier 145,0.47,47.51,40.35,LATAM,3,2564033,2024-06-23
SUP-000146,Supplier 146,0.27,23.13,54.06,LATAM,2,1832962,2025-10-04
SUP-000147,Supplier 147,0.33,35.56,98.39,APAC,2,4169796,2025-01-05
SUP-000148,Supplier 148,0.52,32.52,-62.51,LATAM,2,225201,2025-05-25
SUP-000149,Supplier 149,0.44,51.6,150.63,APAC,3,100654,2026-03-31
SUP-000150,Supplier 150,0.03,-36.11,83.95,LATAM,4,2787475,
SUP-000151,Supplier 151,0.82,-59.89,109.7,LATAM,3,4852511,2026-02-20
SUP-000152,Supplier 152,0.89,17.81,79.55,APAC,3,4974741,2025-01-23
SUP-000153,Supplier 153,0.15,-14.0,-50.96,NA,2,2971787,2024-02-15
SUP-000154,Supplier 154,0.55,-43.91,-78.11,EMEA,4,2155125,2026-07-18
SUP-000155,Supplier 155,0.12,-35.8,-27.89,NA,2,1371886,2026-07-27
SUP-000156,Supplier 156,0.67,-16.87,-145.07,LATAM,2,4950141,2026-03-20
SUP-000157,Supplier 157,0.29,-50.87,-17.54,LATAM,1,924338,2025-03-26
SUP-000158,Supplier 158,0.66,-52.6,-164.47,APAC,2,639864,2024-09-21
SUP-000159,Supplier 159,0.72,59.08,-178.58,EMEA,3,2546619,2024-06-13
SUP-000160,Supplier 160,0.76,-19.43,155.34,NA,1,1968347,2024-12-16
SUP-000161,Supplier 161,0.12,67.69,68.16,EMEA,1,2484075,2024-11-11
SUP-000162,Supplier 162,0.91,65.37,22.26,NA,4,4510805,2024-09-17
SUP-000163,Supplier 163,0.24,-41.47,-57.2,LATAM,4,1356356,2026-06-16
SUP-000164,Supplier 164,0.05,32.94,25.39,NA,2,4384710,2025-09-14
SUP-000165,Supplier 165,0.55,18.1,140.97,EMEA,2,1066687,2024-07-29
SUP-000166,Supplier 166,0.37,29.78,54.86,APAC,3,1624721,2025-08-26
SUP-000167,Supplier 167,0.82,-47.5,36.89,EMEA,4,32220,2025-10-27
SUP-000168,Supplier 168,0.8,-35.49,-14.33,APAC,2,3396266,2025-05-08
SUP-000169,Supplier 169,0.32,-50.04,-55.55,EMEA,1,4293719,2026-06-12
SUP-000170,Supplier 170,0.94,18.54,71.48,APAC,2,4431939,2026-06-30
SUP-000171,Supplier 171,0.3,68.26,173.15,APAC,2,845625,2025-02-11
SUP-000172,Supplier 172,0.51,27.36,-27.09,APAC,3,3836718,2025-03-21
SUP-000173,Supplier 173,0.26,32.4,-38.81,LATAM,1,715268,2024-07-23
SUP-000174,Supplier 174,0.93,68.0,-25.88,NA,3,3146096,2026-01-09
SUP-000175,Supplier 175,0.17,28.14,-26.8,LATAM,1,3514968,2026-05-28
SUP-000176,Supplier 176,0.05,-54.78,176.62,EMEA,4,771352,2025-09-13
SUP-000177,Supplier 177,0.44,52.71,74.44,APAC,3,561458,
SUP-000178,Supplier 178,0.98,-12.59,-50.69,LATAM,1,374283,2025-05-04
SUP-000179,Supplier 179,0.88,-59.43,-46.26,LATAM,4,3544720,2026-01-20
SUP-000180,Supplier 180,0.74,5.94,-24.91,NA,3,3076964,2024-02-09
SUP-000181,Supplier 181,0.88,61.81,-166.78,EMEA,3,605549,2025-07-11
SUP-000182,Supplier 182,0.89,-26.55,10.01,LATAM,1,2506375,2025-09-12
SUP-000183,Supplier 183,0.52,3.9,112.1,APAC,1,3981071,2025-05-21
SUP-000184,Supplier 184,0.32,-37.41,57.8,LATAM,4,1197802,2025-08-29
SUP-000185,Supplier 185,0.77,-52.5,-108.57,NA,2,3032128,2026-04-25
SUP-000186,Supplier 186,0.66,-49.53,82.09,APAC,3,1470921,
SUP-000187,Supplier 187,0.38,34.51,79.01,EMEA,4,1312457,2025-06-22
SUP-000188,Supplier 188,0.1,52.33,-85.49,APAC,2,1966515,2026-01-21
SUP-000189,Supplier 189,0.74,-41.37,44.23,APAC,2,1767549,2026-02-14
SUP-000190,Supplier 190,0.27,-22.52,39.94,APAC,4,2482649,2025-03-16
SUP-000191,Supplier 191,0.93,-34.65,122.32,EMEA,1,1034980,2026-07-30
SUP-000192,Supplier 192,0.25,-56.51,-131.01,LATAM,2,1957392,2024-11-01
SUP-000193,Supplier 193,0.13,11.95,-109.86,EMEA,4,3115690,2025-02-19
SUP-000194,Supplier 194,0.82,30.99,-5.05,NA,1,1942585,2026-02-16
SUP-000195,Supplier 195,0.16,24.22,-164.11,APAC,2,3285436,2025-02-18
SUP-000196,Supplier 196,0.19,-9.55,-30.39,NA,2,587506,2024-11-20
SUP-000197,Supplier 197,0.6,12.15,103.76,APAC,1,696927,2025-06-08
SUP-000198,Supplier 198,0.87,-47.77,-126.46,LATAM,1,4329296,2025-08-10
SUP-000199,Supplier 199,0.2,-39.94,-14.42,NA,2,2314504,2026-07-04
SUP-000200,Supplier 200,0.31,61.13,176.32,EMEA,4,3049678,2025-08-06
SUP-000201,Supplier 201,0.77,39.0,2.13,NA,1,3701580,2024-06-23
SUP-000202,Supplier 202,0.96,59.96,-0.6,NA,3,739049,2024-02-19
SUP-000203,Supplier 203,0.5,59.17,21.17,EMEA,2,4861590,2026-07-02
SUP-000204,Supplier 204,0.15,24.42,-113.04,LATAM,4,2125133,2025-02-03
SUP-000205,Supplier 205,0.02,60.67,-127.02,APAC,2,4449658,2024-07-09
SUP-000206,Supplier 206,0.24,-5.83,63.85,NA,4,2089412,2024-07-29
SUP-000207,Supplier 207,0.14,-59.53,-37.52,NA,2,2033806,2024-04-10
SUP-000208,Supplier 208,0.67,-51.87,-75.63,LATAM,4,3007098,2024-07-07
SUP-000209,Supplier 209,0.13,-45.77,-168.7,LATAM,4,962576,2026-01-06
SUP-000210,Supplier 210,0.51,-47.6,124.58,LATAM,2,3048259,2025-09-10
SUP-000211,Supplier 211,0.69,-14.28,-168.36,EMEA,3,4916726,2025-07-20
SUP-000212,Supplier 212,0.58,31.17,89.99,LATAM,1,3229658,2024-01-11
SUP-000213,Supplier 213,0.21,42.78,-42.48,NA,2,359627,2025-09-26
SUP-000214,Supplier 214,0.8,16.73,35.53,APAC,2,3492536,2026-07-03
SUP-000215,Supplier 215,0.71,-40.96,-90.84,LATAM,4,176671,2026-05-21
SUP-000216,Supplier 216,0.73,37.23,-124.06,NA,4,525736,2025-01-08
SUP-000217,Supplier 217,0.14,-13.88,12.02,NA,4,1430056,2025-07-20
SUP-000218,Supplier 218,0.13,-58.31,70.42,EMEA,4,1531561,
SUP-000219,Supplier 219,0.92,-23.52,-109.62,EMEA,4,27714,2026-04-18
SUP-000220,Supplier 220,0.4,-17.02,-22.91,NA,4,96565,2026-05-18
SUP-000221,Supplier 221,0.3,-24.35,-19.92,LATAM,3,3948277,2024-07-29
SUP-000222,Supplier 222,0.49,45.54,-102.25,EMEA,1,2278661,2025-04-04
SUP-000223,Supplier 223,0.66,38.79,23.42,APAC,4,1007094,2024-08-11
SUP-000224,Supplier 224,0.95,30.42,-127.46,NA,1,2152856,2025-08-02
SUP-000225,Supplier 225,0.29,-41.93,3.51,LATAM,1,3467753,2024-10-03
SUP-000226,Supplier 226,0.92,45.02,-139.16,NA,4,3674291,2025-10-18
SUP-000227,Supplier 227,0.03,28.03,-5.2,EMEA,1,1447829,2026-07-15
SUP-000228,Supplier 228,0.55,-34.67,-67.82,NA,1,843913,2026-04-02
SUP-000229,Supplier 229,0.63,24.25,-17.19,APAC,3,4797126,2024-06-21
SUP-000230,Supplier 230,0.11,2.86,-23.85,NA,3,3161157,2024-05-02
SUP-000231,Supplier 231,0.15,-2.88,146.86,NA,1,4914944,2026-02-08
SUP-000232,Supplier 232,0.42,-45.42,-3.62,EMEA,2,1540404,2024-03-18
SUP-000233,Supplier 233,0.96,7.38,114.66,APAC,1,565216,2025-01-12
SUP-000234,Supplier 234,0.59,-47.01,-98.77,APAC,2,1915763,
SUP-000235,Supplier 235,0.92,-38.65,-53.25,APAC,1,1645964,2025-02-27
SUP-000236,Supplier 236,0.8,-42.77,-152.97,LATAM,3,3599241,2024-01-09
SUP-000237,Supplier 237,0.47,64.03,-28.53,EMEA,2,3583467,2026-07-09
SUP-000238,Supplier 238,0.78,-22.97,60.73,LATAM,4,367024,2025-10-30
SUP-000239,Supplier 239,0.03,-13.82,121.74,EMEA,1,2942840,2024-11-08
SUP-000240,Supplier 240,0.12,-18.13,23.73,EMEA,4,1720486,2025-07-30
SUP-000241,Supplier 241,0.82,56.77,50.43,LATAM,4,3078283,2025-07-31
SUP-000242,Supplier 242,0.79,13.19,-116.18,LATAM,2,1962702,2025-06-05
SUP-000243,Supplier 243,0.24,59.49,-166.61,APAC,3,2691739,2026-06-26
SUP-000244,Supplier 244,0.53,-21.01,105.01,EMEA,2,3581589,2026-01-11
SUP-000245,Supplier 245,0.6,-45.07,-119.87,EMEA,3,1474011,2024-09-01
SUP-000246,Supplier 246,0.86,12.31,-147.18,EMEA,4,1004129,2026-07-25
SUP-000247,Supplier 247,0.6,-15.08,157.52,EMEA,3,3532907,2026-06-27
SUP-000248,Supplier 248,0.41,44.25,166.87,NA,3,4737590,2024-02-14
SUP-000249,Supplier 249,0.38,54.33,41.85,APAC,4,2225585,2024-10-07
SUP-000250,Supplier 250,0.43,1.43,-43.69,EMEA,2,4988832,2025-08-03
SUP-000251,Supplier 251,0.65,66.28,119.97,NA,1,932612,2026-04-09
SUP-000252,Supplier 252,0.86,11.89,-106.3,EMEA,3,4096361,2025-11-07
SUP-000253,Supplier 253,0.45,-24.78,-25.42,LATAM,3,4941145,2025-06-25
SUP-000254,Supplier 254,0.25,3.57,-51.47,NA,1,1505565,2024-10-15
SUP-000255,Supplier 255,0.24,-55.15,148.57,NA,3,747800,2024-04-01
SUP-000256,Supplier 256,0.74,44.52,151.12,LATAM,1,3322694,2026-04-22
SUP-000257,Supplier 257,0.81,-46.81,54.32,NA,2,4348276,2025-05-17
SUP-000258,Supplier 258,0.11,-19.86,-140.13,NA,4,424908,2025-03-07
SUP-000259,Supplier 259,0.08,13.49,-6.41,APAC,3,3207205,2026-07-14
SUP-000260,Supplier 260,0.59,-54.41,-91.68,LATAM,3,4357683,2024-06-04
SUP-000261,Supplier 261,0.15,-49.69,138.57,APAC,3,169751,2024-08-27
SUP-000262,Supplier 262,0.82,30.5,-130.17,APAC,1,2584804,2026-03-17
SUP-000263,Supplier 263,0.31,-50.67,-160.45,APAC,4,394153,2024-09-25
SUP-000264,Supplier 264,0.15,2.02,73.59,LATAM,2,890431,2026-06-09
SUP-000265,Supplier 265,0.91,-15.97,-16.82,APAC,4,2436881,
SUP-000266,Supplier 266,0.17,-30.35,121.81,NA,4,1643808,2024-04-03
SUP-000267,Supplier 267,0.29,-35.46,-153.13,APAC,1,434829,2025-03-08
SUP-000268,Supplier 268,0.16,39.24,108.39,LATAM,3,4005706,
SUP-000269,Supplier 269,0.12,63.7,-166.56,APAC,1,1022782,2025-04-07
SUP-000270,Supplier 270,0.03,-41.78,-169.89,APAC,3,4352431,2024-07-21
SUP-000271,Supplier 271,0.06,64.76,-13.93,NA,2,891946,2024-02-12
SUP-000272,Supplier 272,0.18,17.32,-100.34,LATAM,1,2603369,2024-01-07
SUP-000273,Supplier 273,0.06,23.42,33.74,APAC,3,3637905,2024-06-17
SUP-000274,Supplier 274,0.59,32.29,-170.71,NA,4,2406754,2024-09-03
SUP-000275,Supplier 275,0.68,31.54,-167.26,EMEA,1,2091318,2024-10-11
SUP-000276,Supplier 276,0.4,46.58,81.77,LATAM,4,3756166,2026-03-18
SUP-000277,Supplier 277,0.32,2.85,-104.34,EMEA,4,68774,2025-04-25
SUP-000278,Supplier 278,0.5,9.34,56.31,NA,3,4132686,2024-05-13
SUP-000279,Supplier 279,0.87,-17.9,89.97,EMEA,4,3452584,2024-03-19
SUP-000280,Supplier 280,0.84,-46.32,-158.64,APAC,2,3826585,2024-05-03
SUP-000281,Supplier 281,0.05,26.4,97.11,LATAM,3,2110627,2024-10-22
SUP-000282,Supplier 282,0.19,-55.63,-83.37,NA,3,1928295,2025-11-28
SUP-000283,Supplier 283,0.24,-24.17,-39.76,APAC,3,2863876,2024-02-16
SUP-000284,Supplier 284,0.25,-47.75,-148.81,EMEA,4,3213209,2025-01-18
SUP-000285,Supplier 285,0.57,-35.21,121.91,LATAM,4,4626720,2025-02-26
SUP-000286,Supplier 286,0.42,23.04,21.86,APAC,4,4288225,2024-05-20
SUP-000287,Supplier 287,0.06,21.7,1.68,APAC,3,278917,2024-02-25
SUP-000288,Supplier 288,0.38,-5.26,168.68,LATAM,4,767285,2024-08-05
SUP-000289,Supplier 289,0.52,-48.28,-59.58,LATAM,3,4733618,2024-05-23
SUP-000290,Supplier 290,0.11,-3.66,140.68,APAC,3,1946802,2026-01-20
SUP-000291,Supplier 291,0.83,-14.14,79.09,EMEA,1,2905615,2026-05-15
SUP-000292,Supplier 292,0.06,33.66,154.27,LATAM,2,292528,2025-08-11
SUP-000293,Supplier 293,0.92,15.27,146.81,NA,4,532111,2025-12-17
SUP-000294,Supplier 294,0.11,3.9,176.77,APAC,2,2050297,2025-12-19
SUP-000295,Supplier 295,0.84,3.31,-132.6,NA,3,3589450,2026-04-08
SUP-000296,Supplier 296,0.89,65.62,106.57,NA,4,3863687,2024-04-02
SUP-000297,Supplier 297,0.97,38.32,109.62,APAC,2,4474476,2026-07-30
SUP-000298,Supplier 298,0.8,4.61,51.97,NA,2,993171,2025-03-08
SUP-000299,Supplier 299,0.77,2.3,-79.61,APAC,1,1017170,2025-05-27
SUP-000300,Supplier 300,0.64,-56.56,167.45,APAC,1,2714016,2026-01-22
SUP-000301,Supplier 301,0.77,62.53,-106.41,APAC,3,2739139,2025-04-11
SUP-000302,Supplier 302,0.14,-18.51,-0.15,NA,3,192562,2024-09-07
SUP-000303,Supplier 303,0.54,-26.73,7.74,NA,2,2241405,2024-01-18
SUP-000304,Supplier 304,0.51,69.92,-121.74,NA,2,4489273,2024-06-08
SUP-000305,Supplier 305,0.85,33.43,80.11,LATAM,1,827844,2024-03-20
SUP-000306,Supplier 306,0.46,-53.84,-148.01,LATAM,4,4101823,2024-12-26
SUP-000307,Supplier 307,0.39,-51.95,69.52,APAC,3,2241729,2026-01-05
SUP-000308,Supplier 308,0.64,-56.68,125.5,EMEA,1,2626801,2024-11-10
SUP-000309,Supplier 309,0.27,17.95,-54.22,LATAM,3,3211625,2025-07-17
SUP-000310,Supplier 310,0.15,-50.7,75.39,NA,2,3531877,2024-06-24
SUP-000311,Supplier 311,0.48,61.34,-123.56,APAC,4,3191092,2025-07-11
SUP-000312,Supplier 312,0.42,61.8,124.54,EMEA,2,528541,2026-06-19
SUP-000313,Supplier 313,0.24,10.99,162.73,LATAM,4,1483727,2024-10-24
SUP-000314,Supplier 314,0.37,20.16,-125.03,NA,3,4227595,2025-04-01
SUP-000315,Supplier 315,0.37,-22.05,69.07,APAC,1,210329,2026-06-28
SUP-000316,Supplier 316,0.33,-51.68,2.1,APAC,4,3579155,2025-07-28
SUP-000317,Supplier 317,0.38,35.87,11.34,NA,3,2607187,2025-01-11
SUP-000318,Supplier 318,0.68,-46.77,74.34,APAC,2,608637,2024-04-24
SUP-000319,Supplier 319,0.3,-48.88,-4.05,APAC,1,622617,2026-06-03
SUP-000320,Supplier 320,0.94,-19.54,36.12,NA,2,4903639,2025-07-29
SUP-000321,Supplier 321,0.91,-58.38,-96.88,APAC,3,164896,2024-02-23
SUP-000322,Supplier 322,0.48,-3.58,-43.74,NA,1,122426,2025-06-08
SUP-000323,Supplier 323,0.33,32.0,131.49,EMEA,2,93395,2026-07-03
SUP-000324,Supplier 324,0.53,44.18,-140.44,EMEA,3,3146269,2026-05-29
SUP-000325,Supplier 325,0.84,18.56,35.13,APAC,3,4632708,2024-07-03
SUP-000326,Supplier 326,0.65,50.09,-113.66,LATAM,4,867057,2025-01-24
SUP-000327,Supplier 327,0.8,-7.15,124.75,EMEA,1,3980794,2026-07-20
SUP-000328,Supplier 328,0.53,50.34,28.46,LATAM,4,3599095,2026-01-08
SUP-000329,Supplier 329,0.63,5.84,-34.9,NA,2,1156582,2025-06-12
SUP-000330,Supplier 330,0.29,-31.01,-90.06,NA,1,361327,2024-10-14
SUP-000331,Supplier 331,0.73,62.74,-22.74,APAC,4,2444677,2025-12-21
SUP-000332,Supplier 332,0.21,-24.25,164.74,NA,3,414693,
SUP-000333,Supplier 333,0.69,-56.59,3.32,EMEA,3,576714,2025-05-09
SUP-000334,Supplier 334,0.85,-28.45,-10.98,LATAM,2,2336795,2026-05-25
SUP-000335,Supplier 335,0.14,-12.33,88.66,NA,4,4080142,
SUP-000336,Supplier 336,0.61,-14.32,-43.54,APAC,1,4970107,2025-08-13
SUP-000337,Supplier 337,0.1,8.21,-26.13,EMEA,1,3142930,2024-02-11
SUP-000338,Supplier 338,0.72,54.81,-58.7,APAC,1,1389816,2025-11-02
SUP-000339,Supplier 339,0.09,-22.0,-125.67,LATAM,3,1648194,2025-05-31
SUP-000340,Supplier 340,0.93,7.7,76.97,NA,1,3066515,2026-04-06
SUP-000341,Supplier 341,0.14,-15.78,134.29,NA,4,874332,2024-11-10
SUP-000342,Supplier 342,0.95,46.83,146.01,APAC,1,2597809,2026-05-23
SUP-000343,Supplier 343,0.79,-39.51,137.09,NA,3,3846887,2025-06-27
SUP-000344,Supplier 344,0.59,-46.54,-17.36,LATAM,4,4212176,2024-07-15
SUP-000345,Supplier 345,0.78,5.39,-77.74,NA,4,305073,2024-05-31
SUP-000346,Supplier 346,0.79,27.35,49.65,APAC,2,1450062,2024-07-03
SUP-000347,Supplier 347,0.94,43.42,163.69,NA,1,1281485,2024-10-12
SUP-000348,Supplier 348,0.26,16.65,81.74,APAC,4,2779172,2025-06-03
SUP-000349,Supplier 349,0.59,40.6,-1.85,NA,2,934716,2026-03-30
SUP-000350,Supplier 350,0.1,-8.95,67.97,EMEA,4,4753611,2026-07-28
SUP-000351,Supplier 351,0.61,-55.73,98.11,EMEA,1,4586286,2025-10-02
SUP-000352,Supplier 352,0.18,-44.91,150.94,EMEA,3,1669603,2025-04-07
SUP-000353,Supplier 353,0.56,-54.97,94.76,APAC,1,2041411,2025-08-01
SUP-000354,Supplier 354,0.57,-17.24,-24.05,NA,2,2202633,2024-11-08
SUP-000355,Supplier 355,0.47,4.41,-81.5,APAC,1,222731,2024-08-19
SUP-000356,Supplier 356,0.52,-13.68,-0.04,NA,4,4445178,
SUP-000357,Supplier 357,0.76,12.88,-61.86,LATAM,3,3899055,2026-02-20
SUP-000358,Supplier 358,0.79,2.48,159.4,EMEA,1,1669169,2024-03-01
SUP-000359,Supplier 359,0.49,28.13,2.87,NA,2,2741721,2024-04-14
SUP-000360,Supplier 360,0.6,26.71,-10.06,APAC,2,1909562,2024-06-16
SUP-000361,Supplier 361,0.92,-18.65,-54.65,NA,3,1148660,2024-07-17
SUP-000362,Supplier 362,0.13,-14.99,50.19,NA,2,1527552,2024-05-20
SUP-000363,Supplier 363,0.12,16.07,7.22,LATAM,2,544377,2024-05-02
SUP-000364,Supplier 364,0.1,17.54,-133.54,APAC,4,4049561,2024-01-27
SUP-000365,Supplier 365,0.65,-19.09,132.91,LATAM,3,3277369,2024-11-24
SUP-000366,Supplier 366,0.42,-17.06,-50.76,NA,4,4652630,2025-11-12
SUP-000367,Supplier 367,0.77,30.23,-24.27,LATAM,4,42768,2024-05-28
SUP-000368,Supplier 368,0.67,24.16,-105.96,EMEA,4,3159183,2024-11-03
SUP-000369,Supplier 369,0.34,-42.44,19.22,APAC,4,2806371,2026-07-07
SUP-000370,Supplier 370,0.89,-2.66,72.74,EMEA,3,3121914,2024-06-08
SUP-000371,Supplier 371,0.76,56.05,137.22,APAC,3,4948644,2026-07-20
SUP-000372,Supplier 372,0.28,-55.28,-161.42,EMEA,3,1956118,2025-04-28
SUP-000373,Supplier 373,0.37,51.17,170.4,NA,1,713752,2025-11-14
SUP-000374,Supplier 374,0.32,-38.79,73.37,LATAM,4,72293,2024-11-01
SUP-000375,Supplier 375,0.16,5.94,-77.65,EMEA,3,2465156,2024-11-02
SUP-000376,Supplier 376,0.15,-4.84,-106.39,LATAM,4,877948,2025-01-06
SUP-000377,Supplier 377,0.93,-58.68,-73.41,NA,3,714131,
SUP-000378,Supplier 378,0.44,59.0,135.26,EMEA,2,745717,2024-10-24
SUP-000379,Supplier 379,0.39,-0.86,-75.1,NA,2,1392095,2026-04-24
SUP-000380,Supplier 380,0.73,64.05,-13.38,LATAM,4,588251,2024-01-04
SUP-000381,Supplier 381,0.55,-22.72,74.07,LATAM,3,2434685,2025-06-24
SUP-000382,Supplier 382,0.93,52.62,133.92,NA,4,3273696,2025-10-11
SUP-000383,Supplier 383,0.77,59.91,57.09,APAC,3,1453719,2024-05-13
SUP-000384,Supplier 384,0.48,12.39,91.12,NA,3,690381,2024-04-14
SUP-000385,Supplier 385,0.38,-33.65,-117.6,EMEA,1,2866403,2025-06-05
SUP-000386,Supplier 386,0.98,29.08,135.87,LATAM,1,437313,2024-07-25
SUP-000387,Supplier 387,0.71,11.37,-80.74,LATAM,3,3690576,2026-07-12
SUP-000388,Supplier 388,0.94,62.79,-133.78,NA,1,1919081,2024-06-28
SUP-000389,Supplier 389,0.13,-2.89,171.45,LATAM,1,2055673,2024-05-03
SUP-000390,Supplier 390,0.84,-25.09,-107.41,NA,4,1252623,2024-11-08
SUP-000391,Supplier 391,0.63,-42.02,-130.81,APAC,3,1421322,2024-11-09
SUP-000392,Supplier 392,0.13,30.82,45.37,APAC,1,737844,2024-05-31
SUP-000393,Supplier 393,0.59,66.63,-65.21,NA,2,2794456,2025-09-19
SUP-000394,Supplier 394,0.68,-56.32,-131.99,LATAM,2,739178,2024-11-23
SUP-000395,Supplier 395,0.02,36.26,36.4,NA,1,3405917,2025-05-12
SUP-000396,Supplier 396,0.46,60.5,93.23,APAC,3,1288466,2024-08-17
SUP-000397,Supplier 397,0.82,-50.28,105.55,NA,2,2831529,2024-04-01
SUP-000398,Supplier 398,0.3,-45.68,-124.02,NA,4,2688880,2024-02-27
SUP-000399,Supplier 399,0.46,29.95,20.47,LATAM,1,3170761,2024-02-19
SUP-000400,Supplier 400,0.44,24.24,112.92,NA,4,3792897,2026-04-01
SUP-000401,Supplier 401,0.31,-51.05,-122.01,NA,1,2807385,2024-09-06
SUP-000402,Supplier 402,0.91,48.47,-105.23,APAC,4,4265355,2024-10-15
SUP-000403,Supplier 403,0.78,8.05,-179.13,LATAM,4,1302429,2025-06-30
SUP-000404,Supplier 404,0.12,57.94,8.87,EMEA,2,3759575,2024-03-30
SUP-000405,Supplier 405,0.99,54.14,-109.91,LATAM,2,1721410,2025-07-21
SUP-000406,Supplier 406,0.87,45.63,80.73,NA,1,3144784,2025-05-07
SUP-000407,Supplier 407,0.29,7.07,166.4,NA,2,2465067,2026-01-17
SUP-000408,Supplier 408,0.83,-27.28,-104.85,NA,3,4539046,2024-04-26
SUP-000409,Supplier 409,0.11,5.78,53.67,APAC,3,1363338,2024-01-17
SUP-000410,Supplier 410,0.99,-46.89,-103.74,APAC,1,2603486,2025-12-30
SUP-000411,Supplier 411,0.66,25.65,-173.52,EMEA,1,830762,2024-12-15
SUP-000412,Supplier 412,0.65,-42.58,93.08,EMEA,3,3170450,2024-02-28
SUP-000413,Supplier 413,0.1,6.45,-23.76,EMEA,3,194116,2025-06-09
SUP-000414,Supplier 414,0.89,-52.93,160.84,LATAM,4,2063986,2025-03-14
SUP-000415,Supplier 415,0.04,-21.06,12.34,EMEA,4,59394,2026-06-16
SUP-000416,Supplier 416,0.25,-29.83,-123.31,NA,3,1643647,2026-06-09
SUP-000417,Supplier 417,0.15,20.6,-18.08,NA,3,2425400,2025-05-23
SUP-000418,Supplier 418,0.77,42.28,-106.96,APAC,3,1665241,2024-05-30
SUP-000419,Supplier 419,0.2,-52.55,136.09,APAC,2,1935722,
SUP-000420,Supplier 420,0.9,50.54,68.73,LATAM,3,750103,2024-07-09
SUP-000421,Supplier 421,0.65,51.9,-57.15,APAC,1,3575973,2026-03-02
SUP-000422,Supplier 422,0.05,-15.51,10.02,EMEA,4,3985022,2025-07-20
SUP-000423,Supplier 423,0.02,25.67,61.01,EMEA,4,2279156,
SUP-000424,Supplier 424,0.06,-7.66,101.83,NA,2,286286,2026-07-13
SUP-000425,Supplier 425,0.6,-39.96,-151.15,LATAM,2,321384,2025-04-30
SUP-000426,Supplier 426,0.8,8.73,-171.89,APAC,2,3376679,2024-12-30
SUP-000427,Supplier 427,0.24,-48.77,-138.8,NA,4,4645321,2024-06-27
SUP-000428,Supplier 428,0.84,54.2,-37.8,APAC,1,4323656,
SUP-000429,Supplier 429,0.07,60.16,-11.99,APAC,2,2033406,2024-09-11
SUP-000430,Supplier 430,0.79,46.81,-130.87,APAC,3,2492167,2024-05-23
SUP-000431,Supplier 431,0.92,13.13,-31.98,EMEA,3,823815,2024-04-21
SUP-000432,Supplier 432,0.77,12.49,-21.02,LATAM,2,360301,2025-08-28
SUP-000433,Supplier 433,0.69,68.0,-140.73,EMEA,1,3831248,2026-05-19
SUP-000434,Supplier 434,0.83,-27.77,150.0,EMEA,3,2147803,2024-08-26
SUP-000435,Supplier 435,0.05,-50.13,35.69,EMEA,3,2489393,2024-07-24
SUP-000436,Supplier 436,0.21,13.05,-40.13,EMEA,4,1722700,2025-08-01
SUP-000437,Supplier 437,0.13,-17.26,2.49,APAC,1,1572652,2024-05-14
SUP-000438,Supplier 438,0.5,-18.1,-66.89,EMEA,1,4927841,2024-03-24
SUP-000439,Supplier 439,0.74,-59.08,127.56,LATAM,2,4082899,2025-08-24
SUP-000440,Supplier 440,0.63,17.51,27.01,APAC,3,3459413,2025-05-10
SUP-000441,Supplier 441,0.84,-25.68,-1.84,APAC,1,1951878,2024-01-28
SUP-000442,Supplier 442,0.16,-35.58,147.92,EMEA,1,3609585,2024-08-12
SUP-000443,Supplier 443,0.73,-54.74,121.67,EMEA,2,1702730,2024-07-06
SUP-000444,Supplier 444,0.2,-12.63,112.61,NA,2,2583976,2025-10-05
SUP-000445,Supplier 445,0.28,54.27,-98.78,APAC,3,733687,2025-09-20
SUP-000446,Supplier 446,0.71,-16.23,-124.88,NA,1,3549977,2025-12-06
SUP-000447,Supplier 447,0.97,28.28,68.43,APAC,4,311844,2024-04-03
SUP-000448,Supplier 448,0.61,38.35,-11.29,LATAM,1,3615629,2026-03-11
SUP-000449,Supplier 449,0.06,-17.35,66.14,NA,2,3022385,2024-07-16
SUP-000450,Supplier 450,0.61,46.81,93.83,APAC,4,341130,2026-07-25
SUP-000451,Supplier 451,0.05,29.94,-73.69,EMEA,3,2535439,2026-04-03
SUP-000452,Supplier 452,0.88,12.7,-77.53,EMEA,4,1120806,2025-03-09
SUP-000453,Supplier 453,0.71,-59.87,-3.3,EMEA,1,2385904,2026-01-11
SUP-000454,Supplier 454,0.18,-55.44,-81.52,EMEA,3,74708,2025-09-25
SUP-000455,Supplier 455,0.1,68.81,60.23,APAC,1,3611846,2025-12-31
SUP-000456,Supplier 456,0.19,41.7,88.82,EMEA,3,2553938,2024-01-18
SUP-000457,Supplier 457,0.97,61.88,-10.07,EMEA,2,1817786,2024-03-20
SUP-000458,Supplier 458,0.46,57.3,80.57,EMEA,4,4380241,2026-05-04
SUP-000459,Supplier 459,0.78,-57.34,3.76,NA,1,3228215,2026-01-07
SUP-000460,Supplier 460,0.63,42.94,76.63,NA,4,3051677,2025-08-04
SUP-000461,Supplier 461,0.57,-1.35,-99.01,EMEA,2,744142,2024-10-21
SUP-000462,Supplier 462,0.15,42.64,85.98,APAC,3,2506035,2025-02-01
SUP-000463,Supplier 463,0.94,-59.13,77.44,LATAM,3,3506086,2025-01-06
SUP-000464,Supplier 464,0.31,-22.53,-84.02,EMEA,1,4630569,2025-02-13
SUP-000465,Supplier 465,0.58,37.67,20.15,EMEA,2,3025201,2025-08-16
SUP-000466,Supplier 466,0.7,43.09,127.91,LATAM,3,869370,2025-12-16
SUP-000467,Supplier 467,0.65,20.56,-90.17,EMEA,4,3393051,
SUP-000468,Supplier 468,0.93,-20.84,84.95,EMEA,4,382275,2026-02-25
SUP-000469,Supplier 469,0.16,-19.65,163.43,EMEA,3,1571541,2024-03-26
SUP-000470,Supplier 470,0.51,65.68,131.85,APAC,2,4587355,2026-02-01
SUP-000471,Supplier 471,0.41,-2.9,-35.45,APAC,2,4010933,2025-09-30
SUP-000472,Supplier 472,0.47,-1.87,38.59,NA,2,4514880,2025-04-26
SUP-000473,Supplier 473,0.13,11.8,177.04,NA,2,1768621,2024-12-20
SUP-000474,Supplier 474,0.14,-6.76,24.64,NA,2,3418032,2024-12-16
SUP-000475,Supplier 475,0.28,11.85,-138.59,APAC,4,3503131,2024-12-06
SUP-000476,Supplier 476,0.31,-3.8,-163.64,LATAM,2,1237436,2026-06-11
SUP-000477,Supplier 477,0.43,47.47,104.51,APAC,1,4713617,2024-01-26
SUP-000478,Supplier 478,0.61,58.18,-27.49,EMEA,3,4849122,2025-08-21
SUP-000479,Supplier 479,0.63,61.17,-91.15,LATAM,3,560628,2026-07-22
SUP-000480,Supplier 480,0.41,13.36,-54.84,EMEA,2,3829078,2025-05-28
SUP-000481,Supplier 481,0.41,-2.52,92.65,APAC,3,2243986,2025-08-26
SUP-000482,Supplier 482,0.22,31.68,-12.51,NA,4,3372733,2025-07-18
SUP-000483,Supplier 483,0.59,48.98,132.66,EMEA,4,2776494,2025-04-22
SUP-000484,Supplier 484,0.32,13.19,84.57,NA,4,1122327,2025-08-17
SUP-000485,Supplier 485,0.05,31.0,170.65,LATAM,3,488853,2026-05-02
SUP-000486,Supplier 486,0.42,37.46,139.86,APAC,1,2570314,2025-11-04
SUP-000487,Supplier 487,0.47,27.93,-88.36,EMEA,3,4187722,2026-03-12
SUP-000488,Supplier 488,0.23,37.0,57.26,NA,4,4114655,2025-06-06
SUP-000489,Supplier 489,0.57,-32.88,-172.6,EMEA,4,1381146,2025-12-31
SUP-000490,Supplier 490,0.56,4.79,176.8,NA,4,4302698,2026-04-06
SUP-000491,Supplier 491,0.7,16.47,-86.04,APAC,4,1786135,2024-07-19
SUP-000492,Supplier 492,0.64,-59.68,59.33,LATAM,3,2811536,2026-03-22
SUP-000493,Supplier 493,0.65,51.28,125.7,NA,1,1628631,2025-10-10
SUP-000494,Supplier 494,0.32,19.3,-122.23,NA,2,2618741,2025-02-21
SUP-000495,Supplier 495,0.78,-43.21,125.24,EMEA,2,2651683,2025-12-31
SUP-000496,Supplier 496,0.55,46.13,-175.59,NA,4,3491442,2024-06-08
SUP-000497,Supplier 497,0.43,33.22,-20.89,NA,4,2364614,2025-10-21
SUP-000498,Supplier 498,0.62,38.58,-10.07,LATAM,2,2645961,2025-06-28
SUP-000499,Supplier 499,0.36,-9.03,-45.33,APAC,2,3260212,2026-04-18
SUP-000500,Supplier 500,0.51,51.05,31.1,EMEA,1,2094228,2025-08-08
SUP-000501,Supplier 501,0.73,-6.18,149.34,APAC,1,2626754,2025-05-11
SUP-000502,Supplier 502,0.88,14.17,-62.28,APAC,2,436240,2025-05-09
SUP-000503,Supplier 503,0.91,-59.92,28.53,APAC,1,4350412,2025-06-07
SUP-000504,Supplier 504,0.5,23.83,135.89,NA,2,638987,2026-04-20
SUP-000505,Supplier 505,0.52,33.36,98.28,LATAM,4,4366043,2026-01-11
SUP-000506,Supplier 506,0.79,13.72,-165.34,LATAM,3,3803774,2024-03-28
SUP-000507,Supplier 507,0.32,4.55,159.4,EMEA,3,4738834,2025-05-17
SUP-000508,Supplier 508,0.83,45.29,-163.21,EMEA,1,133073,2024-09-28
SUP-000509,Supplier 509,0.49,28.58,31.95,NA,4,1093656,2024-06-04
SUP-000510,Supplier 510,0.12,-23.85,27.13,EMEA,3,271002,2026-03-28
SUP-000511,Supplier 511,0.08,64.68,103.1,APAC,3,2093753,2026-03-20
SUP-000512,Supplier 512,0.84,31.94,-126.56,APAC,2,4524171,2026-06-05
SUP-000513,Supplier 513,0.06,68.43,-115.43,NA,3,3833703,2025-01-06
SUP-000514,Supplier 514,0.28,66.26,90.76,LATAM,4,3522945,2025-02-06
SUP-000515,Supplier 515,0.34,59.46,-126.18,APAC,3,4243517,2026-01-04
SUP-000516,Supplier 516,0.18,38.2,-11.0,EMEA,2,31021,2024-06-30
SUP-000517,Supplier 517,0.32,19.23,83.39,NA,3,3940442,2024-02-21
SUP-000518,Supplier 518,0.74,-37.62,54.45,NA,4,1567096,2025-01-31
SUP-000519,Supplier 519,0.02,10.64,-104.18,LATAM,2,3457739,2025-08-16
SUP-000520,Supplier 520,0.82,39.5,-70.57,NA,4,3818959,2025-03-06
SUP-000521,Supplier 521,0.85,7.71,168.83,NA,3,3431895,2024-07-18
SUP-000522,Supplier 522,0.37,52.87,-18.48,EMEA,1,2093827,2025-05-05
SUP-000523,Supplier 523,0.16,-45.74,-164.0,NA,4,3061840,2026-06-08
SUP-000524,Supplier 524,0.6,-10.48,-100.95,APAC,3,2349301,2024-09-15
SUP-000525,Supplier 525,0.13,5.78,-56.72,LATAM,2,3145296,2025-01-12
SUP-000526,Supplier 526,0.37,-3.8,179.82,LATAM,1,2299407,2024-10-22
SUP-000527,Supplier 527,0.95,-45.88,-71.03,APAC,4,1976336,2024-10-04
SUP-000528,Supplier 528,0.99,-40.04,-170.5,EMEA,4,1018650,2025-09-10
SUP-000529,Supplier 529,0.77,48.89,4.65,NA,1,1943354,2024-12-19
SUP-000530,Supplier 530,0.31,2.97,-149.9,APAC,3,3609743,2025-08-09
SUP-000531,Supplier 531,0.68,-53.67,-81.34,APAC,1,4352544,2024-01-19
SUP-000532,Supplier 532,0.7,-57.86,177.26,LATAM,2,524001,2025-09-17
SUP-000533,Supplier 533,0.39,1.55,73.67,APAC,3,922155,2024-04-09
SUP-000534,Supplier 534,0.64,-38.63,-161.76,NA,1,2541183,2024-12-22
SUP-000535,Supplier 535,0.02,31.67,-18.47,LATAM,3,3515864,2026-04-03
SUP-000536,Supplier 536,0.21,43.39,-118.21,EMEA,2,858079,2024-11-13
SUP-000537,Supplier 537,0.52,-30.32,-135.74,NA,3,1631156,
SUP-000538,Supplier 538,0.17,16.98,31.34,EMEA,4,242198,2024-11-27
SUP-000539,Supplier 539,0.17,-39.92,2.04,NA,1,272429,2026-05-01
SUP-000540,Supplier 540,0.83,-20.53,87.43,EMEA,4,724786,2026-06-16
SUP-000541,Supplier 541,0.98,55.54,141.23,NA,1,3648578,2026-05-08
SUP-000542,Supplier 542,0.55,10.73,-91.19,APAC,1,4347981,2025-01-08
SUP-000543,Supplier 543,0.83,55.17,152.28,LATAM,2,2499271,2024-10-26
SUP-000544,Supplier 544,0.98,-30.72,6.48,EMEA,2,888976,2025-07-26
SUP-000545,Supplier 545,0.15,-17.1,-86.82,EMEA,1,4607957,2026-02-09
SUP-000546,Supplier 546,0.45,1.22,124.48,EMEA,2,1399062,2025-05-08
SUP-000547,Supplier 547,0.39,2.41,-167.21,APAC,4,781907,2025-11-27
SUP-000548,Supplier 548,0.09,69.69,21.42,LATAM,3,699092,2026-04-07
SUP-000549,Supplier 549,0.75,-45.12,79.78,LATAM,3,1771815,2025-12-10
SUP-000550,Supplier 550,0.44,50.76,-79.21,LATAM,1,3680370,2024-12-14
SUP-000551,Supplier 551,0.47,52.28,130.86,APAC,1,1991570,2024-08-23
SUP-000552,Supplier 552,0.16,11.92,-93.5,APAC,2,2232791,2025-02-13
SUP-000553,Supplier 553,0.19,-15.28,122.35,LATAM,4,1707976,2025-06-26
SUP-000554,Supplier 554,0.9,7.5,-151.72,EMEA,4,4718738,2026-03-06
SUP-000555,Supplier 555,0.05,-21.98,-122.43,APAC,1,3421178,2024-10-10
SUP-000556,Supplier 556,0.24,43.88,-42.85,APAC,2,3324979,2024-05-31
SUP-000557,Supplier 557,0.3,4.78,127.46,NA,2,2193712,2024-10-24
SUP-000558,Supplier 558,0.49,60.36,-127.95,NA,3,2661632,2025-07-15
SUP-000559,Supplier 559,0.58,20.95,135.16,EMEA,1,4426117,2024-08-07
SUP-000560,Supplier 560,0.49,6.86,-97.3,EMEA,2,3286588,2025-01-12
SUP-000561,Supplier 561,0.09,32.44,-17.1,LATAM,4,4070737,2024-08-30
SUP-000562,Supplier 562,0.25,5.51,-53.02,EMEA,2,211722,2026-07-19
SUP-000563,Supplier 563,0.84,57.59,-137.47,APAC,4,4299296,2025-04-28
SUP-000564,Supplier 564,0.63,-36.02,159.95,EMEA,3,4753794,2025-11-11
SUP-000565,Supplier 565,0.65,66.54,-22.26,NA,3,3343826,2025-05-06
SUP-000566,Supplier 566,0.67,45.58,68.52,NA,2,4782583,2024-01-10
SUP-000567,Supplier 567,0.76,51.9,27.1,APAC,4,2843016,2024-09-06
SUP-000568,Supplier 568,0.07,2.78,0.62,APAC,1,1387937,2026-03-03
SUP-000569,Supplier 569,0.37,48.84,41.97,APAC,4,3035395,
SUP-000570,Supplier 570,0.54,-20.12,143.4,NA,4,3145194,2025-10-25
SUP-000571,Supplier 571,0.34,39.05,71.75,APAC,3,731641,2025-12-20
SUP-000572,Supplier 572,0.84,-41.74,11.69,APAC,4,1017557,2025-06-13
SUP-000573,Supplier 573,0.48,-20.08,52.27,LATAM,3,1464090,2025-06-29
SUP-000574,Supplier 574,0.76,-2.05,38.3,EMEA,3,2741884,2024-08-10
SUP-000575,Supplier 575,0.84,-18.1,-24.08,APAC,1,748487,2024-08-23
SUP-000576,Supplier 576,0.5,-9.69,44.92,LATAM,1,3856238,2024-05-20
SUP-000577,Supplier 577,0.9,46.61,-20.31,EMEA,1,556262,
SUP-000578,Supplier 578,0.59,-26.63,92.74,NA,1,4699710,2025-08-16
SUP-000579,Supplier 579,0.84,36.89,168.81,APAC,4,3382254,2026-05-26
SUP-000580,Supplier 580,0.34,-50.42,165.55,APAC,1,1702692,2025-02-19
SUP-000581,Supplier 581,0.5,39.55,115.46,EMEA,1,1868967,2025-07-22
SUP-000582,Supplier 582,0.53,42.96,36.63,NA,4,3470591,2026-03-24
SUP-000583,Supplier 583,0.11,-7.78,89.76,APAC,2,453052,2025-10-01
SUP-000584,Supplier 584,0.4,33.92,-115.9,EMEA,4,3584971,2024-09-04
SUP-000585,Supplier 585,0.91,58.97,-7.55,EMEA,4,2765329,2024-09-22
SUP-000586,Supplier 586,0.63,44.09,-87.37,LATAM,3,1113532,2025-08-24
SUP-000587,Supplier 587,0.18,-9.24,-178.74,APAC,4,4487483,2024-09-28
SUP-000588,Supplier 588,0.34,2.95,168.03,APAC,4,3148870,2024-08-22
SUP-000589,Supplier 589,0.2,41.32,130.99,APAC,1,826660,2025-07-12
SUP-000590,Supplier 590,0.03,-21.96,4.93,APAC,1,3280552,2025-08-23
SUP-000591,Supplier 591,0.92,44.5,-88.51,LATAM,2,2062064,
SUP-000592,Supplier 592,0.45,-17.35,69.47,NA,3,3822739,2024-02-15
SUP-000593,Supplier 593,0.31,44.78,-23.47,EMEA,4,2465651,2025-12-26
SUP-000594,Supplier 594,0.6,-48.72,109.21,APAC,1,4999736,2025-01-04
SUP-000595,Supplier 595,0.02,-54.23,179.83,LATAM,1,4637348,
SUP-000596,Supplier 596,0.28,69.7,-54.33,EMEA,2,210759,
SUP-000597,Supplier 597,0.7,53.03,-92.01,APAC,2,2060710,2024-10-23
SUP-000598,Supplier 598,0.63,54.77,-83.74,LATAM,4,1019502,2025-07-26
SUP-000599,Supplier 599,0.97,63.67,-146.4,LATAM,2,2256742,2024-04-27
SUP-000600,Supplier 600,0.62,-3.02,-38.14,APAC,4,733941,2024-10-25
SUP-000601,Supplier 601,0.48,-22.71,-173.73,NA,1,2682979,2025-11-09
SUP-000602,Supplier 602,0.76,-43.1,-138.82,EMEA,1,780625,2025-12-29
SUP-000603,Supplier 603,0.9,5.16,-82.19,EMEA,4,3119484,
SUP-000604,Supplier 604,0.72,-31.39,-122.45,NA,1,2276700,2024-04-18
SUP-000605,Supplier 605,0.95,61.62,83.58,APAC,1,4965163,2024-01-25
SUP-000606,Supplier 606,0.78,-59.48,-141.98,APAC,3,4393897,2025-06-09
SUP-000607,Supplier 607,0.86,-41.38,131.76,EMEA,1,3005080,2025-10-16
SUP-000608,Supplier 608,0.12,-27.96,-100.4,LATAM,1,2249129,2025-07-14
SUP-000609,Supplier 609,0.73,-34.14,-140.91,NA,2,3582212,2025-01-17
SUP-000610,Supplier 610,0.44,-30.65,-176.36,APAC,3,3345717,2024-01-21
SUP-000611,Supplier 611,0.55,25.29,77.47,EMEA,3,705277,2024-08-01
SUP-000612,Supplier 612,0.65,-17.42,-87.62,NA,3,1888730,2024-02-03
SUP-000613,Supplier 613,0.96,19.95,3.42,LATAM,1,4960956,
SUP-000614,Supplier 614,0.97,55.73,-139.82,EMEA,2,1605119,2024-10-17
SUP-000615,Supplier 615,0.29,18.33,174.71,LATAM,2,76127,2024-03-08
SUP-000616,Supplier 616,0.73,30.29,-134.86,EMEA,2,4172833,2025-07-28
SUP-000617,Supplier 617,0.74,-12.48,-31.71,LATAM,3,4664878,2024-12-15
SUP-000618,Supplier 618,0.35,-39.23,126.59,NA,1,3281182,2026-06-27
SUP-000619,Supplier 619,0.13,-18.32,-91.84,EMEA,3,3178604,2025-01-29
SUP-000620,Supplier 620,0.05,65.36,-83.89,LATAM,4,1760967,2024-03-26
SUP-000621,Supplier 621,0.77,20.84,111.06,EMEA,3,1803354,2025-10-27
SUP-000622,Supplier 622,0.49,-23.92,-81.6,APAC,2,4571659,2025-10-25
SUP-000623,Supplier 623,0.98,-1.38,-178.97,LATAM,2,4291712,2026-05-27
SUP-000624,Supplier 624,0.47,48.62,-25.95,LATAM,3,2497572,
SUP-000625,Supplier 625,0.97,26.9,-175.49,APAC,3,1572411,2024-12-07
SUP-000626,Supplier 626,0.41,12.88,147.53,NA,2,949490,2025-09-23
SUP-000627,Supplier 627,0.79,55.07,51.05,EMEA,1,64393,2026-01-23
SUP-000628,Supplier 628,0.09,27.42,29.89,LATAM,3,2421277,2025-05-02
SUP-000629,Supplier 629,0.55,23.55,-107.43,EMEA,3,2773763,2026-01-20
SUP-000630,Supplier 630,0.8,-35.33,71.98,APAC,1,3376750,2026-07-01
SUP-000631,Supplier 631,0.92,-46.17,63.81,APAC,3,4027439,2025-12-13
SUP-000632,Supplier 632,0.82,65.47,-158.23,EMEA,1,1841891,2025-04-18
SUP-000633,Supplier 633,0.05,17.85,137.1,NA,3,842331,2025-04-10
SUP-000634,Supplier 634,0.38,-5.96,28.59,EMEA,3,4220485,2026-03-02
SUP-000635,Supplier 635,0.06,16.57,105.29,EMEA,1,3814684,2026-04-04
SUP-000636,Supplier 636,0.12,-51.96,-85.35,NA,3,2670388,2024-09-04
SUP-000637,Supplier 637,0.67,46.88,-136.06,EMEA,1,205459,2024-01-10
SUP-000638,Supplier 638,0.71,-31.84,72.88,EMEA,2,2344146,2026-01-31
SUP-000639,Supplier 639,0.77,44.59,105.8,APAC,3,3100235,2024-08-10
SUP-000640,Supplier 640,0.86,9.47,-41.03,APAC,2,4294970,
SUP-000641,Supplier 641,0.73,-24.05,-171.47,APAC,4,2545841,2024-02-04
SUP-000642,Supplier 642,0.79,-56.07,114.57,LATAM,4,2319959,2026-05-09
SUP-000643,Supplier 643,0.06,46.06,-105.81,APAC,4,1906089,
SUP-000644,Supplier 644,0.24,-37.06,-57.95,NA,1,2077906,2024-10-14
SUP-000645,Supplier 645,0.62,-53.27,46.16,NA,1,91697,2024-02-02
SUP-000646,Supplier 646,0.85,38.26,-144.02,APAC,1,527544,2026-03-09
SUP-000647,Supplier 647,0.01,-14.49,-154.08,NA,3,3783735,2024-04-22
SUP-000648,Supplier 648,0.51,-9.39,-170.75,LATAM,2,1818834,2024-03-30
SUP-000649,Supplier 649,0.67,-27.88,149.99,EMEA,3,4255564,2026-01-15
SUP-000650,Supplier 650,0.04,51.69,-67.9,NA,2,1991271,2025-10-01
SUP-000651,Supplier 651,0.4,-21.35,57.84,LATAM,1,4984311,2024-04-30
SUP-000652,Supplier 652,0.89,-32.67,176.12,LATAM,3,911305,2024-11-18
SUP-000653,Supplier 653,0.67,-19.8,61.0,NA,3,948452,2025-09-21
SUP-000654,Supplier 654,0.24,-33.59,9.03,LATAM,3,2943237,
SUP-000655,Supplier 655,0.85,-18.7,7.53,EMEA,2,4015314,2024-12-07
SUP-000656,Supplier 656,0.35,-49.22,-44.31,APAC,3,727771,2025-01-24
SUP-000657,Supplier 657,0.85,-39.39,35.92,LATAM,4,2519297,2024-03-16
SUP-000658,Supplier 658,0.3,-5.78,165.16,APAC,3,1126212,2024-01-09
SUP-000659,Supplier 659,0.59,54.33,103.7,EMEA,4,3688518,2026-07-02
SUP-000660,Supplier 660,0.4,-52.55,-27.28,LATAM,2,2809849,2024-08-06
SUP-000661,Supplier 661,0.28,-32.35,-60.32,APAC,1,3274683,2026-05-25
SUP-000662,Supplier 662,0.88,58.08,138.07,LATAM,4,1352227,2024-02-10
SUP-000663,Supplier 663,0.19,55.7,-131.12,NA,2,1451427,2026-07-23
SUP-000664,Supplier 664,0.09,28.33,125.85,APAC,1,3201944,2025-02-07
SUP-000665,Supplier 665,0.35,-28.74,-88.17,EMEA,1,1771105,2026-01-31
SUP-000666,Supplier 666,0.71,-5.42,77.63,NA,2,3455660,2026-03-04
SUP-000667,Supplier 667,0.8,-32.54,110.24,APAC,1,778334,2024-11-28
SUP-000668,Supplier 668,0.99,-43.28,-8.28,LATAM,3,1513439,2025-11-27
SUP-000669,Supplier 669,0.3,-10.6,-110.78,NA,3,517366,2024-11-11
SUP-000670,Supplier 670,0.41,14.86,124.12,LATAM,2,446064,2026-01-14
SUP-000671,Supplier 671,0.14,-13.21,-47.7,APAC,1,1319530,2026-06-24
SUP-000672,Supplier 672,0.57,19.41,-64.56,EMEA,1,2452364,2026-01-31
SUP-000673,Supplier 673,0.99,-21.49,3.61,NA,4,730676,2025-11-18
SUP-000674,Supplier 674,0.7,-15.04,-23.37,NA,2,473563,2024-12-17
SUP-000675,Supplier 675,0.59,42.79,65.9,EMEA,1,4387652,2024-04-12
SUP-000676,Supplier 676,0.39,54.18,-130.61,LATAM,3,2581026,2025-04-22
SUP-000677,Supplier 677,0.91,-18.14,-23.15,APAC,4,3580718,
SUP-000678,Supplier 678,0.5,14.3,141.01,LATAM,1,3633827,2025-04-24
SUP-000679,Supplier 679,0.14,-23.84,-167.02,LATAM,4,516985,2026-03-31
SUP-000680,Supplier 680,0.37,-53.07,-15.36,NA,3,3105445,2024-04-16
SUP-000681,Supplier 681,0.08,35.92,57.79,APAC,2,4304781,2026-04-30
SUP-000682,Supplier 682,0.21,-37.77,139.58,APAC,4,2246855,
SUP-000683,Supplier 683,0.03,-4.66,33.76,EMEA,2,4311461,2024-02-14
SUP-000684,Supplier 684,0.45,3.32,116.81,APAC,3,4729834,2025-11-10
SUP-000685,Supplier 685,0.63,-36.02,-99.83,LATAM,1,2736594,2024-01-01
SUP-000686,Supplier 686,0.35,-47.71,-52.99,EMEA,1,517718,2025-07-30
SUP-000687,Supplier 687,0.42,-14.76,159.17,NA,4,3091139,2025-04-24
SUP-000688,Supplier 688,0.95,63.8,138.95,APAC,4,4401207,2025-12-05
SUP-000689,Supplier 689,0.75,19.97,20.86,LATAM,1,2900788,2024-12-21
SUP-000690,Supplier 690,0.54,-10.42,-8.82,LATAM,1,4002643,2024-04-22
SUP-000691,Supplier 691,0.29,-54.94,-17.62,APAC,3,2681440,2024-12-31
SUP-000692,Supplier 692,0.89,18.04,-158.84,LATAM,4,2104495,2025-12-19
SUP-000693,Supplier 693,0.24,-48.01,141.26,APAC,3,4728438,2026-06-19
SUP-000694,Supplier 694,0.33,10.53,114.53,NA,3,772807,2024-07-15
SUP-000695,Supplier 695,0.9,37.75,-15.75,NA,2,2243560,2024-11-27
SUP-000696,Supplier 696,0.53,-4.93,-79.4,EMEA,1,787775,2026-04-07
SUP-000697,Supplier 697,0.74,-21.08,-56.55,EMEA,4,3277030,
SUP-000698,Supplier 698,0.59,-53.84,-135.66,LATAM,4,4609810,2024-08-19
SUP-000699,Supplier 699,0.65,-56.78,79.84,LATAM,2,4988955,2026-02-23
SUP-000700,Supplier 700,0.3,-4.1,20.4,APAC,3,1176186,2025-04-09
SUP-000701,Supplier 701,0.25,54.83,-95.72,APAC,1,3640775,2025-07-04
SUP-000702,Supplier 702,0.33,-28.27,44.28,EMEA,2,4371837,2025-04-04
SUP-000703,Supplier 703,0.16,14.63,172.52,NA,1,4170256,2025-07-23
SUP-000704,Supplier 704,0.87,28.96,-135.94,LATAM,2,2521443,2024-09-10
SUP-000705,Supplier 705,0.29,-52.09,-14.95,LATAM,1,880655,2025-11-21
SUP-000706,Supplier 706,0.56,-40.1,-2.1,NA,3,2314055,2024-12-07
SUP-000707,Supplier 707,0.79,-16.93,-119.95,LATAM,1,3882313,2025-05-09
SUP-000708,Supplier 708,0.78,27.11,11.37,LATAM,3,3101361,2024-06-24
SUP-000709,Supplier 709,0.44,-2.93,38.15,APAC,3,1947460,
SUP-000710,Supplier 710,0.48,35.45,-123.36,LATAM,4,1083045,2025-06-22
SUP-000711,Supplier 711,0.98,52.79,-124.3,APAC,1,3262789,2024-05-10
SUP-000712,Supplier 712,0.67,38.59,128.29,NA,2,2147569,2026-05-11
SUP-000713,Supplier 713,0.81,68.99,-67.9,EMEA,1,2365715,2026-06-24
SUP-000714,Supplier 714,0.89,38.07,46.92,EMEA,3,4693037,2024-10-25
SUP-000715,Supplier 715,0.78,50.78,45.64,APAC,1,55536,2024-09-29
SUP-000716,Supplier 716,0.19,48.21,122.1,LATAM,3,1198902,2025-04-24
SUP-000717,Supplier 717,0.56,34.93,86.36,LATAM,4,4599922,2024-07-11
SUP-000718,Supplier 718,0.11,44.23,122.61,LATAM,3,4608701,2026-03-24
SUP-000719,Supplier 719,0.65,61.51,45.08,EMEA,1,1519499,2024-04-06
SUP-000720,Supplier 720,0.95,1.78,-18.2,APAC,2,4971106,2025-03-03
SUP-000721,Supplier 721,0.51,22.98,-38.32,LATAM,3,1065785,
SUP-000722,Supplier 722,0.43,6.94,-43.55,NA,2,269016,2026-02-23
SUP-000723,Supplier 723,0.05,50.63,-29.38,APAC,2,1542506,2024-05-16
SUP-000724,Supplier 724,0.95,-3.92,-133.45,NA,4,2661581,2025-02-25
SUP-000725,Supplier 725,0.11,46.56,-27.37,APAC,4,40018,2026-02-25
SUP-000726,Supplier 726,0.05,43.92,-39.8,LATAM,2,867378,2025-02-19
SUP-000727,Supplier 727,0.25,65.05,-167.55,LATAM,2,3956603,2024-06-23
SUP-000728,Supplier 728,0.07,-27.64,-80.95,LATAM,1,3112354,2024-05-28
SUP-000729,Supplier 729,0.46,32.25,90.69,APAC,2,3030384,2025-07-24
SUP-000730,Supplier 730,0.52,38.4,28.06,EMEA,3,4947817,2024-04-27
SUP-000731,Supplier 731,0.32,61.72,110.22,APAC,3,1149669,2024-12-01
SUP-000732,Supplier 732,0.06,57.9,15.37,NA,2,4485435,2025-07-31
SUP-000733,Supplier 733,0.12,14.56,127.47,NA,1,1782447,2024-12-24
SUP-000734,Supplier 734,0.39,15.29,106.58,LATAM,1,4624993,2026-02-20
SUP-000735,Supplier 735,0.07,-38.25,-144.62,NA,1,3918030,2025-10-11
SUP-000736,Supplier 736,0.69,66.75,171.72,EMEA,1,1074615,2024-05-07
SUP-000737,Supplier 737,0.21,-26.85,-174.69,EMEA,1,1054846,2026-02-10
SUP-000738,Supplier 738,0.31,34.22,34.86,EMEA,3,2716174,2026-05-09
SUP-000739,Supplier 739,0.4,43.45,105.3,APAC,4,2518736,2024-07-09
SUP-000740,Supplier 740,0.42,-2.64,-60.52,EMEA,4,1181806,2024-12-04
SUP-000741,Supplier 741,0.01,-32.54,35.49,APAC,3,1309276,2025-01-08
SUP-000742,Supplier 742,0.12,-35.44,-49.64,EMEA,2,4498129,2025-02-05
SUP-000743,Supplier 743,0.86,51.34,-158.18,EMEA,4,3770960,2025-03-13
SUP-000744,Supplier 744,0.01,6.4,-176.95,APAC,1,963858,2026-04-24
SUP-000745,Supplier 745,0.51,-48.28,-145.85,APAC,3,3628958,2025-09-06
SUP-000746,Supplier 746,0.49,33.21,-144.57,LATAM,4,778254,2026-04-26
SUP-000747,Supplier 747,0.34,-27.48,39.92,APAC,3,2230565,2024-11-26
SUP-000748,Supplier 748,0.43,53.93,9.31,EMEA,2,70691,2025-05-10
SUP-000749,Supplier 749,0.77,-19.76,-16.03,LATAM,3,3249628,2024-04-10
SUP-000750,Supplier 750,0.83,-33.96,69.09,LATAM,4,917919,2024-09-18
SUP-000751,Supplier 751,0.27,-48.97,-173.94,EMEA,1,1188015,2025-07-05
SUP-000752,Supplier 752,0.33,6.5,-82.45,APAC,3,956916,2024-06-11
SUP-000753,Supplier 753,0.25,-1.4,99.86,LATAM,1,925214,2026-06-25
SUP-000754,Supplier 754,0.48,37.67,147.59,EMEA,1,396676,2024-09-13
SUP-000755,Supplier 755,0.68,0.4,-22.2,APAC,4,2776813,2024-06-01
SUP-000756,Supplier 756,0.23,-15.3,-150.67,APAC,2,4340028,2026-01-06
SUP-000757,Supplier 757,0.33,-25.98,107.54,APAC,1,1514569,2024-03-25
SUP-000758,Supplier 758,0.92,-23.84,138.66,NA,2,3902189,2024-11-02
SUP-000759,Supplier 759,0.06,60.62,-31.08,APAC,1,2722459,2024-07-06
SUP-000760,Supplier 760,0.46,-38.54,-92.39,APAC,4,1279862,2025-10-17
SUP-000761,Supplier 761,0.71,68.46,-164.17,EMEA,4,317815,2026-03-06
SUP-000762,Supplier 762,0.16,-17.5,32.79,NA,1,3918455,2024-07-03
SUP-000763,Supplier 763,0.06,-48.51,147.55,NA,1,124321,2025-01-27
SUP-000764,Supplier 764,0.15,-27.67,64.04,NA,4,2116601,2025-03-27
SUP-000765,Supplier 765,0.91,-52.41,-65.79,EMEA,4,180936,2025-10-14
SUP-000766,Supplier 766,0.02,42.7,51.44,NA,4,3879846,
SUP-000767,Supplier 767,0.19,6.63,119.54,NA,3,4949226,2025-05-08
SUP-000768,Supplier 768,0.04,-16.19,-8.7,EMEA,4,1621808,2025-04-20
SUP-000769,Supplier 769,0.12,26.07,115.11,APAC,2,1574909,2024-01-11
SUP-000770,Supplier 770,0.62,21.98,-38.91,NA,4,2827624,2025-06-22
SUP-000771,Supplier 771,0.25,62.18,-54.54,LATAM,4,2514930,
SUP-000772,Supplier 772,0.57,64.96,29.88,LATAM,1,1914236,2026-07-24
SUP-000773,Supplier 773,0.59,28.49,-12.71,EMEA,1,1835743,2025-04-26
SUP-000774,Supplier 774,0.84,46.32,171.76,EMEA,3,946502,2026-04-29
SUP-000775,Supplier 775,0.01,43.02,5.9,NA,4,1261267,2024-11-25
SUP-000776,Supplier 776,0.85,3.87,-41.34,EMEA,4,2932308,2025-10-18
SUP-000777,Supplier 777,0.62,31.58,-37.82,APAC,1,3674597,2026-05-01
SUP-000778,Supplier 778,0.17,-49.83,17.26,APAC,2,3756645,2024-05-25
SUP-000779,Supplier 779,0.77,38.54,-52.23,EMEA,4,2587170,2025-06-19
SUP-000780,Supplier 780,0.85,65.04,80.25,APAC,1,3768004,
SUP-000781,Supplier 781,0.26,-48.95,-42.96,NA,3,2964151,2025-06-08
SUP-000782,Supplier 782,0.91,48.7,-41.71,LATAM,2,1787884,2026-04-22
SUP-000783,Supplier 783,0.46,61.29,42.11,NA,1,1773253,2025-01-31
SUP-000784,Supplier 784,0.6,-30.6,-158.1,EMEA,1,2598371,2026-04-17
SUP-000785,Supplier 785,0.97,8.23,55.93,NA,3,1545213,
SUP-000786,Supplier 786,0.36,60.62,1.79,LATAM,4,3821255,2025-03-28
SUP-000787,Supplier 787,0.81,64.83,-16.91,APAC,1,934130,2024-07-21
SUP-000788,Supplier 788,0.32,-43.38,78.93,APAC,2,281942,2024-06-10
SUP-000789,Supplier 789,0.79,-14.63,92.97,APAC,1,2460804,2024-09-29
SUP-000790,Supplier 790,0.6,30.76,124.65,LATAM,3,368722,2025-12-13
SUP-000791,Supplier 791,0.22,-31.2,-45.07,APAC,4,966004,2025-03-17
SUP-000792,Supplier 792,0.42,-17.78,-62.27,LATAM,4,1887351,2025-01-01
SUP-000793,Supplier 793,0.32,-56.97,77.16,NA,2,30821,2025-03-16
SUP-000794,Supplier 794,0.09,-40.04,29.45,LATAM,2,1125123,2024-11-21
SUP-000795,Supplier 795,0.04,13.1,47.45,EMEA,2,2728418,2026-01-31
SUP-000796,Supplier 796,0.35,24.9,19.99,EMEA,4,1879483,
SUP-000797,Supplier 797,0.03,24.36,98.17,APAC,2,4482833,2025-03-21
SUP-000798,Supplier 798,0.17,41.19,-111.59,EMEA,1,477827,
SUP-000799,Supplier 799,0.72,-6.01,20.06,EMEA,4,3601426,2025-09-02
SUP-000800,Supplier 800,0.7,-24.45,-123.08,LATAM,1,2964120,2024-11-10
SUP-000801,Supplier 801,0.73,-57.97,-33.39,APAC,4,3224779,2024-03-10
SUP-000802,Supplier 802,0.32,-33.14,59.04,LATAM,1,3361985,2025-10-13
SUP-000803,Supplier 803,0.88,-19.39,-2.49,LATAM,3,271264,2025-06-12
SUP-000804,Supplier 804,0.59,-36.83,-43.35,LATAM,2,3961284,2025-09-03
SUP-000805,Supplier 805,0.13,-57.38,138.59,NA,3,1663498,2025-05-28
SUP-000806,Supplier 806,0.15,-39.53,98.22,LATAM,2,3256109,2025-04-25
SUP-000807,Supplier 807,0.69,26.59,9.46,LATAM,2,1476827,
SUP-000808,Supplier 808,0.18,21.85,162.02,NA,2,1987943,2024-02-20
SUP-000809,Supplier 809,0.51,61.64,-27.23,EMEA,4,3503172,2024-03-28
SUP-000810,Supplier 810,0.98,43.76,103.71,LATAM,1,4675291,2026-06-03
SUP-000811,Supplier 811,0.01,13.81,-119.54,NA,1,4391056,2026-04-17
SUP-000812,Supplier 812,0.03,-42.12,-77.11,LATAM,1,3634396,2025-01-23
SUP-000813,Supplier 813,0.98,13.33,-58.29,EMEA,3,2697303,2025-05-25
SUP-000814,Supplier 814,0.58,-51.99,-141.9,NA,3,2643129,2025-02-28
SUP-000815,Supplier 815,0.13,-3.98,0.65,LATAM,3,4828415,2026-07-30
SUP-000816,Supplier 816,0.89,-9.27,-110.79,APAC,1,1042183,2025-03-06
SUP-000817,Supplier 817,0.87,-4.38,48.31,NA,4,4770860,2025-12-18
SUP-000818,Supplier 818,0.54,-23.62,-111.57,LATAM,4,3248385,
SUP-000819,Supplier 819,0.62,29.16,-135.54,EMEA,4,3084483,2024-12-25
SUP-000820,Supplier 820,0.28,49.32,168.87,LATAM,4,2962685,2025-09-28
SUP-000821,Supplier 821,0.06,39.91,56.97,LATAM,2,4064261,2025-01-11
SUP-000822,Supplier 822,0.59,21.61,157.12,NA,3,3419816,2024-01-14
SUP-000823,Supplier 823,0.3,9.98,-3.64,LATAM,2,483199,2024-06-12
SUP-000824,Supplier 824,0.66,-55.96,-167.98,NA,3,3907812,2026-04-04
SUP-000825,Supplier 825,0.83,33.98,26.77,APAC,2,3646378,2024-12-12
SUP-000826,Supplier 826,0.03,10.85,21.0,APAC,3,4576097,2024-04-06
SUP-000827,Supplier 827,0.59,-24.8,-174.61,LATAM,4,4682998,2026-06-05
SUP-000828,Supplier 828,0.24,-17.38,130.05,EMEA,3,4745792,2026-08-01
SUP-000829,Supplier 829,0.87,61.63,43.19,NA,4,223445,2025-04-16
SUP-000830,Supplier 830,0.26,21.17,88.09,EMEA,4,3154625,2025-08-15
SUP-000831,Supplier 831,0.61,1.87,-2.19,EMEA,1,4672738,2025-12-13
SUP-000832,Supplier 832,0.55,20.72,42.62,LATAM,4,4830120,2024-03-03
SUP-000833,Supplier 833,0.4,-6.21,-87.31,EMEA,4,2751010,2024-10-07
SUP-000834,Supplier 834,0.67,1.12,170.55,NA,2,4557997,
SUP-000835,Supplier 835,0.72,-22.26,-35.74,NA,3,4403410,2025-06-02
SUP-000836,Supplier 836,0.57,-2.82,-121.56,LATAM,3,23045,2024-11-08
SUP-000837,Supplier 837,0.75,29.13,-159.87,LATAM,4,4426087,2024-01-02
SUP-000838,Supplier 838,0.97,-54.81,49.02,LATAM,4,3191711,2026-06-18
SUP-000839,Supplier 839,0.42,43.35,174.02,NA,1,2872882,2025-08-03
SUP-000840,Supplier 840,0.51,-23.21,142.49,EMEA,1,900562,2025-12-14
SUP-000841,Supplier 841,0.02,28.73,72.76,APAC,1,4594210,2025-02-16
SUP-000842,Supplier 842,0.79,23.55,176.62,APAC,3,1483011,2025-04-23
SUP-000843,Supplier 843,0.52,24.84,80.22,NA,4,2094931,2025-02-23
SUP-000844,Supplier 844,0.41,19.06,-57.87,APAC,3,1494525,2025-02-09
SUP-000845,Supplier 845,0.1,64.68,36.44,NA,1,4848514,2025-09-25
SUP-000846,Supplier 846,0.88,6.08,-151.28,LATAM,3,2420816,2026-07-29
SUP-000847,Supplier 847,0.4,35.2,-100.19,NA,2,578978,2026-01-03
SUP-000848,Supplier 848,0.68,31.71,-29.69,APAC,2,64222,2025-09-22
SUP-000849,Supplier 849,0.16,-29.29,-107.35,NA,4,4901058,2024-01-12
SUP-000850,Supplier 850,0.95,-23.17,163.26,LATAM,2,1186624,2025-04-30
SUP-000851,Supplier 851,0.18,-4.88,178.42,EMEA,3,3855902,2026-06-21
SUP-000852,Supplier 852,0.21,-23.9,-46.46,EMEA,1,155313,2025-01-10
SUP-000853,Supplier 853,0.85,-12.32,75.32,LATAM,2,4485000,2025-06-02
SUP-000854,Supplier 854,0.9,-9.18,-33.2,APAC,3,3256287,2024-11-02
SUP-000855,Supplier 855,0.22,18.5,-129.78,APAC,3,1131478,2024-06-29
SUP-000856,Supplier 856,0.47,-31.41,-58.71,NA,4,4447545,2025-10-27
SUP-000857,Supplier 857,0.73,44.56,-95.99,APAC,2,1496109,2024-10-22
SUP-000858,Supplier 858,0.87,-3.12,-61.89,LATAM,4,4988965,2025-07-08
SUP-000859,Supplier 859,0.38,31.81,-102.59,NA,4,3001604,2025-07-14
SUP-000860,Supplier 860,0.52,-49.41,-139.56,EMEA,2,2248298,2026-03-11
SUP-000861,Supplier 861,0.74,1.1,-101.73,NA,1,301991,2026-06-04
SUP-000862,Supplier 862,0.73,-56.33,146.07,NA,2,1308104,2025-06-06
SUP-000863,Supplier 863,0.78,27.87,-149.32,LATAM,3,300900,2024-02-17
SUP-000864,Supplier 864,0.57,-15.32,-63.09,APAC,4,4266986,2025-07-03
SUP-000865,Supplier 865,0.11,63.4,10.24,EMEA,3,509863,2026-04-15
SUP-000866,Supplier 866,0.9,-17.86,-52.38,LATAM,3,574661,2025-03-26
SUP-000867,Supplier 867,0.86,13.29,6.34,LATAM,1,631197,
SUP-000868,Supplier 868,0.79,-26.54,-164.37,NA,3,4871452,2025-12-20
SUP-000869,Supplier 869,0.11,20.61,53.49,EMEA,4,4853093,2025-02-18
SUP-000870,Supplier 870,0.21,0.72,22.85,EMEA,2,3577038,2025-01-26
SUP-000871,Supplier 871,0.74,-11.82,65.15,APAC,4,378002,2025-03-31
SUP-000872,Supplier 872,0.03,-33.52,24.21,LATAM,1,2524633,2026-03-15
SUP-000873,Supplier 873,0.97,-45.5,-22.35,EMEA,4,4742564,2025-04-05
SUP-000874,Supplier 874,0.38,-44.42,-53.95,NA,4,492286,2024-11-04
SUP-000875,Supplier 875,0.71,69.88,-98.48,LATAM,3,3969999,2025-07-17
SUP-000876,Supplier 876,0.88,-6.4,0.02,EMEA,3,100797,2025-10-15
SUP-000877,Supplier 877,0.4,-59.75,-170.62,NA,4,4021673,2026-05-11
SUP-000878,Supplier 878,0.32,63.88,-61.83,LATAM,2,2727215,2026-04-22
SUP-000879,Supplier 879,0.61,-57.4,64.03,LATAM,1,4440604,2026-01-09
SUP-000880,Supplier 880,0.58,-5.58,-140.86,APAC,4,2075114,
SUP-000881,Supplier 881,0.41,33.27,-157.36,APAC,1,3928769,2025-02-28
SUP-000882,Supplier 882,0.6,58.9,54.78,LATAM,3,4214895,2024-11-19
SUP-000883,Supplier 883,0.93,32.68,-36.8,APAC,2,1631270,2025-06-15
SUP-000884,Supplier 884,0.47,0.27,108.66,EMEA,4,3215104,2025-10-28
SUP-000885,Supplier 885,0.2,66.68,157.43,LATAM,4,2309864,2025-05-04
SUP-000886,Supplier 886,0.38,-54.89,164.53,LATAM,2,2165162,2024-07-14
SUP-000887,Supplier 887,0.4,68.3,-26.79,NA,3,4000675,2024-01-14
SUP-000888,Supplier 888,0.14,50.42,-84.84,NA,2,1137775,2024-02-24
SUP-000889,Supplier 889,0.17,60.76,39.1,NA,2,607050,2025-02-06
SUP-000890,Supplier 890,0.68,-26.88,46.15,LATAM,4,2407306,2026-01-17
SUP-000891,Supplier 891,0.34,-41.48,44.04,NA,2,4110029,2026-01-15
SUP-000892,Supplier 892,0.95,26.23,-64.16,NA,4,823341,2026-02-01
SUP-000893,Supplier 893,0.25,7.06,-157.05,APAC,3,1707688,2025-10-31
SUP-000894,Supplier 894,0.11,8.01,-104.4,LATAM,4,3338393,2024-01-22
SUP-000895,Supplier 895,0.75,60.2,-124.41,LATAM,3,2389499,2026-04-13
SUP-000896,Supplier 896,0.87,20.61,-135.4,LATAM,4,3032588,2026-06-13
SUP-000897,Supplier 897,0.28,-19.56,153.46,NA,2,2644811,2026-03-13
SUP-000898,Supplier 898,0.21,-7.99,-175.01,APAC,2,4052256,2025-02-24
SUP-000899,Supplier 899,0.19,-42.65,36.67,NA,2,4377533,2024-07-21
SUP-000900,Supplier 900,0.52,-35.0,161.09,NA,1,2253151,2026-05-04
SUP-000901,Supplier 901,0.47,-41.36,-50.38,APAC,1,2163750,2024-06-23
SUP-000902,Supplier 902,0.26,45.34,9.76,EMEA,2,1400456,2026-01-14
SUP-000903,Supplier 903,0.05,31.63,70.48,NA,4,2224270,2026-06-30
SUP-000904,Supplier 904,0.48,8.94,-65.82,NA,4,4183612,2026-04-30
SUP-000905,Supplier 905,0.95,-11.33,-8.05,LATAM,3,2513248,
SUP-000906,Supplier 906,0.65,26.9,114.16,EMEA,2,3458075,2026-02-25
SUP-000907,Supplier 907,0.5,45.68,88.33,NA,3,2097852,2026-02-23
SUP-000908,Supplier 908,0.12,54.56,111.04,LATAM,4,3536478,2026-07-08
SUP-000909,Supplier 909,0.26,11.11,175.44,APAC,1,3565031,2024-12-06
SUP-000910,Supplier 910,0.3,46.59,-46.68,LATAM,4,2645142,2025-08-16
SUP-000911,Supplier 911,0.76,6.47,88.95,APAC,4,4673148,2026-02-10
SUP-000912,Supplier 912,0.87,1.69,37.0,APAC,4,4381133,2024-08-02
SUP-000913,Supplier 913,0.89,52.51,59.98,LATAM,1,800507,2024-07-31
SUP-000914,Supplier 914,0.97,-9.77,86.35,APAC,4,1146639,2025-01-02
SUP-000915,Supplier 915,0.97,-8.53,89.9,APAC,3,4774436,2024-12-05
SUP-000916,Supplier 916,0.94,-20.36,138.87,APAC,3,2014443,2025-12-10
SUP-000917,Supplier 917,0.08,7.43,-54.24,EMEA,1,1558866,2026-06-02
SUP-000918,Supplier 918,0.15,10.83,55.25,LATAM,2,3983200,2024-05-28
SUP-000919,Supplier 919,0.31,25.86,-79.1,NA,2,3014718,2024-11-02
SUP-000920,Supplier 920,0.55,-4.03,34.04,EMEA,4,673474,
SUP-000921,Supplier 921,0.11,-31.68,90.42,NA,2,467995,2025-07-15
SUP-000922,Supplier 922,0.84,52.69,104.76,EMEA,1,4042466,2024-07-12
SUP-000923,Supplier 923,0.61,-15.02,-28.76,NA,4,3826653,2025-07-23
SUP-000924,Supplier 924,0.54,59.98,3.14,APAC,1,1769450,2026-04-06
SUP-000925,Supplier 925,0.17,-33.04,-59.81,APAC,4,4313642,2024-12-18
SUP-000926,Supplier 926,0.26,12.81,-119.15,NA,4,636263,2025-04-01
SUP-000927,Supplier 927,0.17,9.76,-86.21,APAC,2,4346479,2025-08-02
SUP-000928,Supplier 928,0.84,47.72,148.37,APAC,3,404955,2026-03-04
SUP-000929,Supplier 929,0.58,-41.95,-68.77,NA,4,3183991,2025-06-16
SUP-000930,Supplier 930,0.73,58.29,170.91,EMEA,3,4216713,2026-06-23
SUP-000931,Supplier 931,0.3,9.09,-93.07,APAC,3,3100311,2025-12-13
SUP-000932,Supplier 932,0.37,16.19,80.31,APAC,1,3895291,2025-02-02
SUP-000933,Supplier 933,0.41,6.32,26.61,EMEA,3,1725631,2025-04-05
SUP-000934,Supplier 934,0.75,-55.32,70.87,APAC,3,1447326,2025-10-19
SUP-000935,Supplier 935,0.77,4.62,51.82,EMEA,3,1337001,
SUP-000936,Supplier 936,0.21,-25.74,74.43,LATAM,4,590647,2024-08-02
SUP-000937,Supplier 937,0.93,-15.45,146.0,EMEA,4,1393878,2024-08-12
SUP-000938,Supplier 938,0.13,24.38,22.85,LATAM,3,1243699,2026-01-25
SUP-000939,Supplier 939,0.89,4.7,-155.57,LATAM,2,3785931,2026-02-15
SUP-000940,Supplier 940,0.11,-47.88,-82.5,APAC,2,1072808,2026-02-13
SUP-000941,Supplier 941,0.27,-50.5,74.96,LATAM,1,838132,2024-04-09
SUP-000942,Supplier 942,0.84,-35.86,-2.13,LATAM,3,3667947,2024-10-05
SUP-000943,Supplier 943,0.19,-35.18,17.48,EMEA,2,2693872,2024-10-21
SUP-000944,Supplier 944,0.42,19.08,34.77,APAC,4,1085659,2024-01-23
SUP-000945,Supplier 945,0.45,-36.88,-42.25,APAC,4,3532411,2024-08-31
SUP-000946,Supplier 946,0.25,54.62,98.6,APAC,4,1088331,
SUP-000947,Supplier 947,0.71,-32.73,80.47,EMEA,4,3930038,2026-04-16
SUP-000948,Supplier 948,0.84,-48.15,77.15,APAC,2,171017,2024-06-09
SUP-000949,Supplier 949,0.87,53.85,77.51,EMEA,2,2954767,2026-03-23
SUP-000950,Supplier 950,0.34,-21.61,140.53,NA,3,2988329,2026-02-11
SUP-000951,Supplier 951,0.53,-4.7,34.34,NA,2,1870446,2024-05-29
SUP-000952,Supplier 952,0.25,64.67,168.15,EMEA,2,3448007,2024-09-03
SUP-000953,Supplier 953,0.25,62.77,-137.09,LATAM,3,1904822,2025-03-08
SUP-000954,Supplier 954,0.17,32.94,47.51,LATAM,2,3270917,2026-06-09
SUP-000955,Supplier 955,0.93,-51.04,78.09,EMEA,4,1125536,2026-01-11
SUP-000956,Supplier 956,0.88,17.13,-8.2,EMEA,1,2847309,2026-07-06
SUP-000957,Supplier 957,0.77,68.58,-76.24,LATAM,2,3783741,2024-10-22
SUP-000958,Supplier 958,0.52,63.1,18.01,NA,3,4830713,2026-05-07
SUP-000959,Supplier 959,0.49,-46.22,-48.69,EMEA,4,1807856,2026-06-21
SUP-000960,Supplier 960,0.53,-8.52,147.28,LATAM,3,2368965,2025-07-20
SUP-000961,Supplier 961,0.54,-18.98,-51.55,EMEA,1,2386945,2024-05-25
SUP-000962,Supplier 962,0.44,-43.14,-116.75,EMEA,2,4302081,2024-09-09
SUP-000963,Supplier 963,0.14,30.32,27.5,LATAM,4,4813180,2024-05-01
SUP-000964,Supplier 964,0.13,-24.4,-37.44,NA,2,3233589,2026-02-01
SUP-000965,Supplier 965,0.94,-15.17,-145.48,EMEA,2,4112515,2024-10-22
SUP-000966,Supplier 966,0.48,-48.25,23.34,EMEA,1,429968,2025-10-24
SUP-000967,Supplier 967,0.94,4.74,13.62,APAC,3,3798785,2024-09-09
SUP-000968,Supplier 968,0.17,-39.44,-117.65,LATAM,1,4052341,2026-07-11
SUP-000969,Supplier 969,0.55,-3.83,35.15,LATAM,2,3577362,2025-12-31
SUP-000970,Supplier 970,0.21,-41.37,24.25,LATAM,3,2926098,2024-12-22
SUP-000971,Supplier 971,0.26,64.0,98.5,EMEA,4,4498900,2025-03-26
SUP-000972,Supplier 972,0.04,-41.15,-49.83,NA,1,3271093,2024-02-25
SUP-000973,Supplier 973,0.13,7.85,-90.45,EMEA,2,4233484,2024-05-09
SUP-000974,Supplier 974,0.91,-34.39,162.44,LATAM,1,909334,2026-07-31
SUP-000975,Supplier 975,0.33,-50.07,22.04,APAC,2,3330277,2026-02-09
SUP-000976,Supplier 976,0.61,-33.7,-170.23,LATAM,4,2193075,2026-03-02
SUP-000977,Supplier 977,0.47,-52.88,115.46,APAC,2,4342861,2025-08-30
SUP-000978,Supplier 978,0.4,-41.88,-109.17,EMEA,2,4404106,2024-07-28
SUP-000979,Supplier 979,0.53,4.15,102.97,EMEA,2,4221489,2024-04-09
SUP-000980,Supplier 980,0.19,24.74,73.86,EMEA,4,1085001,
SUP-000981,Supplier 981,0.98,-48.65,168.77,LATAM,3,2466595,2024-11-09
SUP-000982,Supplier 982,0.81,-2.67,167.61,NA,3,10623,2024-01-01
SUP-000983,Supplier 983,0.74,15.56,-81.21,NA,4,4898375,2024-01-22
SUP-000984,Supplier 984,0.47,-29.55,95.92,EMEA,3,1294968,2025-06-10
SUP-000985,Supplier 985,0.16,-11.63,-65.93,APAC,3,3125915,2026-03-04
SUP-000986,Supplier 986,0.91,-50.66,46.51,EMEA,3,2442836,2024-12-08
SUP-000987,Supplier 987,0.34,-31.38,35.19,NA,3,4524076,2026-08-01
SUP-000988,Supplier 988,0.06,0.68,-160.36,LATAM,1,4108177,2024-12-25
SUP-000989,Supplier 989,0.35,68.76,-178.13,LATAM,2,3886881,2025-11-23
SUP-000990,Supplier 990,0.79,69.51,-159.2,APAC,4,3220021,2024-08-18
SUP-000991,Supplier 991,0.62,67.35,-133.94,APAC,1,605714,2025-07-27
SUP-000992,Supplier 992,0.75,-5.0,-87.25,APAC,4,4596126,2024-09-16
SUP-000993,Supplier 993,0.79,-49.51,146.5,EMEA,3,322529,2026-01-04
SUP-000994,Supplier 994,0.22,-17.94,6.71,APAC,2,2283266,2025-03-05
SUP-000995,Supplier 995,0.92,-29.1,106.88,LATAM,1,1903324,2024-02-09
SUP-000996,Supplier 996,0.44,-58.16,121.79,APAC,4,1960167,2024-08-22
SUP-000997,Supplier 997,0.64,-47.62,84.58,EMEA,1,4886393,2024-11-28
SUP-000998,Supplier 998,0.01,-1.09,-39.1,EMEA,3,1164776,2025-03-16
SUP-000999,Supplier 999,0.98,-15.84,130.99,NA,1,2903992,2024-09-12
SUP-001000,Supplier 1000,0.29,-36.55,87.14,APAC,4,1098131,2025-06-29
SUP-001001,Supplier 1001,0.07,33.09,87.53,NA,1,4558624,2026-06-28
SUP-001002,Supplier 1002,0.46,-13.57,144.57,LATAM,4,3683188,2025-11-02
SUP-001003,Supplier 1003,0.14,50.74,35.52,LATAM,3,2080066,2024-10-20
SUP-001004,Supplier 1004,0.16,-28.67,10.29,LATAM,1,410992,2025-10-01
SUP-001005,Supplier 1005,0.63,9.99,140.46,LATAM,3,771942,2026-07-01
SUP-001006,Supplier 1006,0.4,-36.06,-16.39,LATAM,4,1221140,2024-08-16
SUP-001007,Supplier 1007,0.91,4.39,112.17,APAC,1,2037384,2024-08-07
SUP-001008,Supplier 1008,0.32,-40.18,-160.62,APAC,4,4430617,2024-02-06
SUP-001009,Supplier 1009,0.72,-38.99,-179.54,EMEA,4,606675,2026-03-06
SUP-001010,Supplier 1010,0.46,19.59,10.19,LATAM,3,2888834,2026-02-25
SUP-001011,Supplier 1011,0.66,-25.71,-153.5,EMEA,2,1743128,2025-01-25
SUP-001012,Supplier 1012,0.6,-37.59,171.56,LATAM,1,242472,2026-04-03
SUP-001013,Supplier 1013,0.47,60.87,-178.02,NA,2,3100447,2025-09-07
SUP-001014,Supplier 1014,0.94,-54.41,78.53,LATAM,4,3524232,2026-07-13
SUP-001015,Supplier 1015,0.35,13.47,-92.38,LATAM,3,4797806,2026-05-20
SUP-001016,Supplier 1016,0.18,11.27,168.32,APAC,3,2538345,
SUP-001017,Supplier 1017,0.67,-27.42,-42.65,NA,4,1633750,2025-01-05
SUP-001018,Supplier 1018,0.84,-1.14,-170.18,LATAM,2,4274063,2025-08-21
SUP-001019,Supplier 1019,0.05,-48.59,-170.3,APAC,1,1244312,2024-06-06
SUP-001020,Supplier 1020,0.45,33.77,19.21,APAC,4,3415345,2026-04-24
SUP-001021,Supplier 1021,0.88,-31.18,175.22,APAC,3,4717511,2024-10-27
SUP-001022,Supplier 1022,0.74,-34.86,172.72,LATAM,3,32188,2025-02-26
SUP-001023,Supplier 1023,0.98,-19.07,-58.58,APAC,3,4626633,2025-07-15
SUP-001024,Supplier 1024,0.53,57.31,-6.23,NA,4,1036638,2026-01-13
SUP-001025,Supplier 1025,0.66,43.54,-143.84,APAC,4,2413063,2025-11-21
SUP-001026,Supplier 1026,0.31,63.1,7.98,NA,3,1297238,2026-06-20
SUP-001027,Supplier 1027,0.94,24.76,35.89,APAC,4,731066,2025-11-04
SUP-001028,Supplier 1028,0.37,26.18,-89.62,EMEA,2,3514139,2026-01-21
SUP-001029,Supplier 1029,0.73,2.4,40.36,NA,3,2416120,2025-06-24
SUP-001030,Supplier 1030,0.41,57.67,143.89,APAC,4,2551477,2025-01-27
SUP-001031,Supplier 1031,0.56,6.41,-179.66,LATAM,1,2423168,2026-05-12
SUP-001032,Supplier 1032,0.72,-13.84,-97.58,EMEA,3,3739763,2024-12-22
SUP-001033,Supplier 1033,0.51,23.25,-104.43,EMEA,3,4830853,2025-08-08
SUP-001034,Supplier 1034,0.9,11.0,-135.4,EMEA,3,2569207,2024-10-02
SUP-001035,Supplier 1035,0.42,-43.88,-120.2,NA,4,786409,2025-03-31
SUP-001036,Supplier 1036,0.64,-8.95,45.33,NA,2,1643649,2024-12-12
SUP-001037,Supplier 1037,0.35,-19.27,-143.03,NA,1,2485194,2024-08-31
SUP-001038,Supplier 1038,0.41,50.09,85.87,NA,1,527266,2026-02-13
SUP-001039,Supplier 1039,0.44,-10.75,139.33,EMEA,4,1153246,2025-12-25
SUP-001040,Supplier 1040,0.13,46.8,153.57,APAC,3,1021084,2025-10-24
SUP-001041,Supplier 1041,0.1,-2.49,57.66,EMEA,3,4865048,2024-03-19
SUP-001042,Supplier 1042,0.66,37.96,-108.94,EMEA,2,2009892,2024-08-23
SUP-001043,Supplier 1043,0.65,-42.41,-149.29,EMEA,2,4396432,2024-07-24
SUP-001044,Supplier 1044,0.66,60.2,-96.47,LATAM,4,2761756,2025-11-02
SUP-001045,Supplier 1045,0.03,2.47,166.3,EMEA,3,2535391,2026-04-22
SUP-001046,Supplier 1046,0.33,-26.23,166.44,APAC,4,4693800,2024-12-24
SUP-001047,Supplier 1047,0.2,-28.61,-42.51,EMEA,4,3462841,2024-11-07
SUP-001048,Supplier 1048,0.77,-25.54,-62.72,LATAM,4,1206203,2025-06-10
SUP-001049,Supplier 1049,0.85,-12.33,3.6,EMEA,3,1415421,2026-07-21
SUP-001050,Supplier 1050,0.25,33.28,-74.99,APAC,1,3333763,2024-12-15
SUP-001051,Supplier 1051,0.66,63.45,172.68,EMEA,3,21184,2024-09-19
SUP-001052,Supplier 1052,0.14,26.97,-100.36,LATAM,3,771204,2025-05-07
SUP-001053,Supplier 1053,0.28,11.13,-47.11,APAC,3,380884,2026-05-14
SUP-001054,Supplier 1054,0.15,-1.68,-25.43,LATAM,1,3571628,2025-11-19
SUP-001055,Supplier 1055,0.29,47.67,-134.98,APAC,4,2212306,2025-05-04
SUP-001056,Supplier 1056,0.67,50.46,-42.18,APAC,4,66590,2025-11-21
SUP-001057,Supplier 1057,0.9,-21.91,128.42,LATAM,2,3710868,2024-01-15
SUP-001058,Supplier 1058,0.21,63.94,-129.47,EMEA,2,3283040,2025-12-12
SUP-001059,Supplier 1059,0.54,-8.64,30.25,APAC,1,3595998,2024-04-02
SUP-001060,Supplier 1060,0.7,44.01,-33.61,NA,4,824456,2025-01-04
SUP-001061,Supplier 1061,0.94,65.69,-118.61,NA,1,4375960,2024-11-26
SUP-001062,Supplier 1062,0.61,31.48,-175.56,LATAM,2,909818,2025-10-13
SUP-001063,Supplier 1063,0.26,-39.0,-81.6,APAC,2,2858640,2024-08-14
SUP-001064,Supplier 1064,0.62,16.2,-157.74,LATAM,2,2798949,2024-08-13
SUP-001065,Supplier 1065,0.32,-44.56,-44.36,NA,3,1101424,2026-04-14
SUP-001066,Supplier 1066,0.97,42.59,111.68,EMEA,4,1883303,2025-03-26
SUP-001067,Supplier 1067,0.4,-23.43,79.09,NA,4,270468,2025-11-30
SUP-001068,Supplier 1068,0.68,30.38,161.06,NA,3,2361812,2025-07-04
SUP-001069,Supplier 1069,0.03,58.31,-26.27,APAC,1,3388792,
SUP-001070,Supplier 1070,0.4,-36.47,74.81,EMEA,4,1551355,
SUP-001071,Supplier 1071,0.87,-8.93,59.52,EMEA,2,2693466,2025-09-22
SUP-001072,Supplier 1072,0.61,24.13,-101.86,NA,4,4767800,2026-05-10
SUP-001073,Supplier 1073,0.45,-5.44,-70.71,NA,2,1180730,2026-01-10
SUP-001074,Supplier 1074,0.93,-37.27,10.74,EMEA,3,1460373,2024-10-14
SUP-001075,Supplier 1075,0.85,-56.22,106.8,NA,2,608769,2024-06-09
SUP-001076,Supplier 1076,0.33,-7.14,-13.75,APAC,2,2714816,2026-03-08
SUP-001077,Supplier 1077,0.54,24.4,-98.01,APAC,1,1027171,2024-12-17
SUP-001078,Supplier 1078,0.49,14.62,177.65,LATAM,3,4273234,2024-10-20
SUP-001079,Supplier 1079,0.63,-39.69,-138.39,APAC,2,1461806,2024-04-14
SUP-001080,Supplier 1080,0.34,-1.41,164.12,APAC,4,3324262,2025-06-05
SUP-001081,Supplier 1081,0.25,-11.97,111.26,APAC,2,954190,2025-04-28
SUP-001082,Supplier 1082,0.9,-24.35,122.0,EMEA,4,1620656,2026-02-20
SUP-001083,Supplier 1083,0.92,34.81,106.17,EMEA,2,864272,2025-12-07
SUP-001084,Supplier 1084,0.84,-19.75,-105.06,EMEA,2,2766659,2025-11-13
SUP-001085,Supplier 1085,0.97,10.22,47.73,NA,1,148583,2025-05-23
SUP-001086,Supplier 1086,0.74,60.02,92.43,NA,3,424125,2026-03-25
SUP-001087,Supplier 1087,0.76,10.11,88.45,NA,1,2512104,
SUP-001088,Supplier 1088,0.76,20.21,-82.24,LATAM,2,2732975,2026-02-08
SUP-001089,Supplier 1089,0.48,-50.48,-114.8,APAC,4,1655289,2024-11-24
SUP-001090,Supplier 1090,0.46,-36.84,-61.88,LATAM,3,2162631,2024-09-17
SUP-001091,Supplier 1091,0.25,-46.88,-7.26,APAC,3,2088268,2024-01-02
SUP-001092,Supplier 1092,0.64,39.43,26.56,NA,4,3792089,2026-07-26
SUP-001093,Supplier 1093,0.29,48.67,121.3,NA,4,2237792,
SUP-001094,Supplier 1094,0.26,-35.76,96.85,LATAM,4,4241035,2026-06-03
SUP-001095,Supplier 1095,0.58,-31.49,63.41,EMEA,3,1092964,2026-01-13
SUP-001096,Supplier 1096,0.41,-17.98,-85.14,LATAM,2,1006086,2025-02-10
SUP-001097,Supplier 1097,0.22,16.84,-7.6,NA,1,2024590,2024-05-16
SUP-001098,Supplier 1098,0.81,20.83,-59.24,LATAM,2,416864,2024-02-14
SUP-001099,Supplier 1099,0.85,29.28,-95.43,LATAM,3,3358562,2026-01-17
SUP-001100,Supplier 1100,0.17,57.68,-176.31,APAC,2,1958879,2024-10-13
SUP-001101,Supplier 1101,0.02,-21.64,-57.79,EMEA,3,1838335,2024-12-24
SUP-001102,Supplier 1102,0.34,25.64,-87.8,EMEA,1,2675410,2026-02-28
SUP-001103,Supplier 1103,0.79,12.76,25.88,APAC,1,419701,2025-03-30
SUP-001104,Supplier 1104,0.83,-20.24,-157.57,APAC,2,1890241,2026-06-16
SUP-001105,Supplier 1105,0.15,57.96,-82.61,APAC,1,4861366,2025-05-30
SUP-001106,Supplier 1106,0.77,-47.59,-163.88,LATAM,4,3146520,2026-02-24
SUP-001107,Supplier 1107,0.12,32.56,50.91,APAC,2,2874139,2024-04-28
SUP-001108,Supplier 1108,0.39,34.62,24.55,APAC,2,2533199,2025-01-09
SUP-001109,Supplier 1109,0.99,58.99,-58.51,LATAM,2,2348928,2024-06-21
SUP-001110,Supplier 1110,0.2,7.42,-126.96,APAC,2,4683763,2024-02-23
SUP-001111,Supplier 1111,0.16,-18.19,164.85,APAC,4,4652472,2026-07-25
SUP-001112,Supplier 1112,0.42,47.61,30.38,APAC,3,2052861,2025-05-03
SUP-001113,Supplier 1113,0.62,40.21,64.48,LATAM,1,4624401,2024-11-29
SUP-001114,Supplier 1114,0.92,5.04,11.29,NA,1,421645,
SUP-001115,Supplier 1115,0.97,39.82,110.35,NA,1,1605368,2024-08-15
SUP-001116,Supplier 1116,0.08,-25.18,142.7,LATAM,2,1516655,2024-04-26
SUP-001117,Supplier 1117,0.15,16.64,-42.22,APAC,3,3489330,2026-05-12
SUP-001118,Supplier 1118,0.78,52.47,68.41,LATAM,4,3033410,2024-04-09
SUP-001119,Supplier 1119,0.28,-18.66,-97.24,NA,2,2368324,2024-12-29
SUP-001120,Supplier 1120,0.88,2.86,54.67,LATAM,1,1287565,2024-05-24
SUP-001121,Supplier 1121,0.66,63.64,-36.3,LATAM,1,2539278,2026-05-27
SUP-001122,Supplier 1122,0.12,43.77,-177.56,LATAM,2,1352252,
SUP-001123,Supplier 1123,0.83,55.32,163.99,APAC,2,2492424,2025-01-06
SUP-001124,Supplier 1124,0.18,-9.92,132.64,APAC,3,1704466,2025-12-12
SUP-001125,Supplier 1125,0.43,69.55,-75.3,LATAM,1,4444224,2025-06-22
SUP-001126,Supplier 1126,0.55,-40.17,179.19,APAC,1,3733247,2024-12-26
SUP-001127,Supplier 1127,0.5,7.44,-65.83,NA,3,884599,2025-06-16
SUP-001128,Supplier 1128,0.68,2.31,-14.82,LATAM,2,4701264,2025-02-16
SUP-001129,Supplier 1129,0.65,43.8,126.45,EMEA,2,3297321,2024-09-30
SUP-001130,Supplier 1130,0.98,58.12,-70.35,LATAM,1,1758379,
SUP-001131,Supplier 1131,0.99,35.05,-17.81,EMEA,1,2656998,2024-12-10
SUP-001132,Supplier 1132,0.52,21.49,59.61,LATAM,2,985485,2026-06-25
SUP-001133,Supplier 1133,0.1,-4.43,-133.03,NA,2,243652,2025-03-13
SUP-001134,Supplier 1134,0.72,6.34,-27.95,APAC,4,2108978,2025-12-15
SUP-001135,Supplier 1135,0.97,6.21,-68.61,LATAM,4,3913055,2024-08-09
SUP-001136,Supplier 1136,0.32,-57.35,63.64,EMEA,2,1765680,2025-09-01
SUP-001137,Supplier 1137,0.46,5.4,-131.05,NA,2,1927404,2025-06-12
SUP-001138,Supplier 1138,0.43,51.28,-96.22,APAC,2,4950224,2025-12-03
SUP-001139,Supplier 1139,0.06,32.21,76.1,APAC,3,4936384,2025-03-11
SUP-001140,Supplier 1140,0.67,43.44,-123.76,LATAM,2,2324702,2025-11-10
SUP-001141,Supplier 1141,0.36,-9.24,-28.07,LATAM,4,230487,2024-02-25
SUP-001142,Supplier 1142,0.78,8.77,76.64,APAC,4,3399623,2025-10-13
SUP-001143,Supplier 1143,0.83,-55.65,95.57,APAC,2,3576420,2025-12-12
SUP-001144,Supplier 1144,0.81,-10.21,-145.84,LATAM,1,4569802,2025-04-13
SUP-001145,Supplier 1145,0.42,1.67,126.72,NA,1,4740786,2024-02-02
SUP-001146,Supplier 1146,0.33,-26.82,80.63,NA,4,3149017,2025-06-19
SUP-001147,Supplier 1147,0.74,-55.94,-57.85,NA,2,544573,2026-01-07
SUP-001148,Supplier 1148,0.8,29.75,94.97,LATAM,2,1254398,2025-03-11
SUP-001149,Supplier 1149,0.49,-3.44,82.19,LATAM,3,3586238,2024-03-29
SUP-001150,Supplier 1150,0.89,-5.96,36.32,APAC,4,3040976,2025-01-07
SUP-001151,Supplier 1151,0.15,-27.5,21.05,APAC,2,2185536,2026-07-27
SUP-001152,Supplier 1152,0.87,9.92,84.49,LATAM,2,2015362,2024-09-12
SUP-001153,Supplier 1153,0.1,-3.06,179.73,LATAM,4,3550636,2025-05-14
SUP-001154,Supplier 1154,0.16,1.62,28.28,APAC,1,2117525,2024-12-01
SUP-001155,Supplier 1155,0.53,15.51,111.14,APAC,4,782354,2025-11-03
SUP-001156,Supplier 1156,0.08,-59.18,87.94,LATAM,3,4896829,2025-02-08
SUP-001157,Supplier 1157,0.06,58.0,128.09,NA,1,1753423,2024-12-28
SUP-001158,Supplier 1158,0.01,-50.76,163.63,APAC,1,1400169,2025-06-30
SUP-001159,Supplier 1159,0.44,-1.38,-110.49,LATAM,3,355880,2025-06-23
SUP-001160,Supplier 1160,0.77,-33.04,-120.43,APAC,4,2349986,2025-04-16
SUP-001161,Supplier 1161,0.04,8.09,31.09,APAC,1,4931152,2024-08-31
SUP-001162,Supplier 1162,0.65,-23.57,-18.25,LATAM,3,807736,2024-04-11
SUP-001163,Supplier 1163,0.82,51.8,25.46,APAC,4,1231056,2025-10-13
SUP-001164,Supplier 1164,0.17,-8.47,107.3,APAC,3,900935,2024-11-16
SUP-001165,Supplier 1165,0.15,23.04,155.42,EMEA,3,479316,2025-08-01
SUP-001166,Supplier 1166,0.85,-27.65,-29.73,APAC,1,3021387,2024-12-21
SUP-001167,Supplier 1167,0.82,-57.48,78.46,LATAM,3,1497970,2026-03-17
SUP-001168,Supplier 1168,0.54,-7.46,-109.15,EMEA,3,3757568,2025-10-29
SUP-001169,Supplier 1169,0.81,9.74,12.44,EMEA,1,2009210,2025-01-16
SUP-001170,Supplier 1170,0.1,-0.26,-172.15,EMEA,2,3185934,2024-11-10
SUP-001171,Supplier 1171,0.4,65.06,1.35,NA,4,456067,2025-12-08
SUP-001172,Supplier 1172,0.73,31.89,16.32,EMEA,4,1653127,2024-01-08
SUP-001173,Supplier 1173,0.26,69.44,84.76,APAC,1,2076083,2024-02-24
SUP-001174,Supplier 1174,0.75,-21.64,53.81,NA,3,307494,2024-03-20
SUP-001175,Supplier 1175,0.5,42.58,-50.98,APAC,3,2102231,2024-11-22
SUP-001176,Supplier 1176,0.75,12.22,-177.94,LATAM,3,2356616,2025-04-14
SUP-001177,Supplier 1177,0.47,19.53,-138.43,EMEA,3,2025164,2024-10-03
SUP-001178,Supplier 1178,0.37,68.16,170.3,EMEA,4,2526305,2024-06-26
SUP-001179,Supplier 1179,0.22,25.02,152.04,EMEA,2,3988199,2024-10-22
SUP-001180,Supplier 1180,0.21,56.85,-62.97,APAC,3,3855551,2025-04-11
SUP-001181,Supplier 1181,0.75,34.35,-86.81,EMEA,3,80361,2024-10-07
SUP-001182,Supplier 1182,0.13,-43.44,-22.89,LATAM,3,3205044,2025-06-26
SUP-001183,Supplier 1183,0.09,30.93,68.38,NA,4,4521366,
SUP-001184,Supplier 1184,0.18,2.96,-51.54,APAC,1,4357580,
SUP-001185,Supplier 1185,0.18,59.44,-155.77,APAC,4,1623536,2026-07-25
SUP-001186,Supplier 1186,0.82,44.89,-34.99,EMEA,3,3917084,2025-09-10
SUP-001187,Supplier 1187,0.4,-46.46,-86.19,NA,4,4006866,2025-06-07
SUP-001188,Supplier 1188,0.98,-42.59,-63.03,LATAM,2,1835730,2024-01-30
SUP-001189,Supplier 1189,0.14,-50.95,-121.34,EMEA,2,4347029,2025-08-10
SUP-001190,Supplier 1190,0.65,4.12,57.18,NA,1,3164784,2024-12-25
SUP-001191,Supplier 1191,0.45,-49.5,9.59,APAC,4,3758038,2024-09-30
SUP-001192,Supplier 1192,0.4,34.08,-82.49,NA,4,3738959,2026-01-19
SUP-001193,Supplier 1193,0.87,11.81,19.39,APAC,2,3908916,2024-02-09
SUP-001194,Supplier 1194,0.97,48.67,-2.63,APAC,1,4784833,2024-09-02
SUP-001195,Supplier 1195,0.87,-23.63,106.55,EMEA,3,4288524,2025-12-31
SUP-001196,Supplier 1196,0.2,7.49,164.15,NA,3,2117537,2026-05-23
SUP-001197,Supplier 1197,0.23,-44.73,-132.96,LATAM,3,2814644,2025-04-30
SUP-001198,Supplier 1198,0.65,55.0,138.21,LATAM,1,3244927,2025-05-14
SUP-001199,Supplier 1199,0.29,-37.25,73.73,LATAM,4,4284183,2026-07-01
SUP-001200,Supplier 1200,0.73,-46.69,69.32,LATAM,2,1969392,2024-03-28
SUP-001201,Supplier 1201,0.57,-33.34,-45.25,APAC,3,1571739,2025-03-30
SUP-001202,Supplier 1202,0.55,44.81,-56.19,LATAM,4,3691762,2024-08-16
SUP-001203,Supplier 1203,0.82,-46.24,-177.97,EMEA,3,4771303,2025-03-26
SUP-001204,Supplier 1204,0.71,19.88,173.59,APAC,1,4560845,2026-05-05
SUP-001205,Supplier 1205,0.04,37.0,38.34,APAC,4,748306,2025-07-16
SUP-001206,Supplier 1206,0.06,37.64,-35.16,LATAM,3,4596937,2026-07-24
SUP-001207,Supplier 1207,0.6,-35.29,15.76,EMEA,4,3948045,2025-04-21
SUP-001208,Supplier 1208,0.49,-51.99,-165.41,NA,3,793866,2026-03-25
SUP-001209,Supplier 1209,0.26,-1.66,-117.49,EMEA,4,42666,
SUP-001210,Supplier 1210,0.42,-33.68,44.41,APAC,4,1028442,2024-10-29
SUP-001211,Supplier 1211,0.75,30.91,5.13,LATAM,1,4647839,2024-09-15
SUP-001212,Supplier 1212,0.82,-13.63,103.35,EMEA,1,3777097,2025-12-26
SUP-001213,Supplier 1213,0.56,-1.58,57.15,NA,1,2880780,
SUP-001214,Supplier 1214,0.39,-45.25,36.52,LATAM,4,3158739,2024-07-28
SUP-001215,Supplier 1215,0.28,13.78,113.5,APAC,1,2072476,2024-06-12
SUP-001216,Supplier 1216,0.52,-35.88,-155.43,LATAM,2,4526485,2024-12-28
SUP-001217,Supplier 1217,0.32,28.27,68.72,LATAM,4,789587,2024-05-24
SUP-001218,Supplier 1218,0.56,-50.75,77.61,EMEA,2,1575864,2025-10-20
SUP-001219,Supplier 1219,0.67,66.87,-80.94,APAC,1,1010953,2026-03-11
SUP-001220,Supplier 1220,0.07,28.99,-109.57,NA,2,4241623,2026-07-03
SUP-001221,Supplier 1221,0.01,-36.38,-103.01,LATAM,1,2704857,2024-08-10
SUP-001222,Supplier 1222,0.22,-58.17,-108.67,EMEA,2,3422041,2025-02-18
SUP-001223,Supplier 1223,0.89,-16.52,8.56,APAC,3,4597944,2025-04-20
SUP-001224,Supplier 1224,0.64,-40.13,-131.17,LATAM,3,985326,2025-04-13
SUP-001225,Supplier 1225,0.18,-31.61,57.34,EMEA,3,4822490,2025-03-03
SUP-001226,Supplier 1226,0.88,53.46,-142.17,LATAM,1,641206,2024-07-26
SUP-001227,Supplier 1227,0.47,18.42,-170.32,NA,4,3773905,2024-04-15
SUP-001228,Supplier 1228,0.48,-37.06,-65.06,APAC,2,3516590,2025-01-15
SUP-001229,Supplier 1229,0.93,12.37,-110.93,NA,2,4128840,2024-03-28
SUP-001230,Supplier 1230,0.07,-26.75,175.92,APAC,3,800722,2024-02-29
SUP-001231,Supplier 1231,0.22,66.91,-70.92,APAC,1,4799930,2025-05-09
SUP-001232,Supplier 1232,0.58,-55.74,-100.06,NA,2,3973701,2026-03-21
SUP-001233,Supplier 1233,0.2,35.2,-109.16,APAC,2,562070,2025-05-25
SUP-001234,Supplier 1234,0.68,40.49,-45.41,APAC,1,2789904,2024-01-23
SUP-001235,Supplier 1235,0.22,-51.27,38.11,LATAM,4,4088185,2026-03-04
SUP-001236,Supplier 1236,0.11,-37.66,101.5,APAC,2,2389566,2025-10-07
SUP-001237,Supplier 1237,0.21,-10.04,-48.75,APAC,1,1910725,2024-10-13
SUP-001238,Supplier 1238,0.42,52.86,45.35,LATAM,2,1384889,2024-09-14
SUP-001239,Supplier 1239,0.18,9.81,-6.46,EMEA,4,2584522,2026-04-29
SUP-001240,Supplier 1240,0.14,25.19,124.74,LATAM,3,4919389,2025-03-25
SUP-001241,Supplier 1241,0.85,41.79,24.86,APAC,3,3041505,2024-05-13
SUP-001242,Supplier 1242,0.32,47.66,-75.64,APAC,4,3613613,2024-09-22
SUP-001243,Supplier 1243,0.36,1.92,73.29,LATAM,1,3900353,
SUP-001244,Supplier 1244,0.06,6.14,115.22,LATAM,3,3892537,2025-01-12
SUP-001245,Supplier 1245,0.36,33.34,-12.44,NA,2,2008243,2024-11-22
SUP-001246,Supplier 1246,0.27,-25.77,175.39,EMEA,3,3845867,2025-05-31
SUP-001247,Supplier 1247,0.61,51.08,136.47,EMEA,4,1646952,2024-11-01
SUP-001248,Supplier 1248,0.21,-57.3,-109.1,LATAM,1,2924237,2025-08-28
SUP-001249,Supplier 1249,0.88,-34.55,103.23,LATAM,1,1519240,2025-04-10
SUP-001250,Supplier 1250,0.92,44.03,36.34,EMEA,4,4699097,2026-06-06
SUP-001251,Supplier 1251,0.11,-15.77,12.53,APAC,2,3653451,2026-02-20
SUP-001252,Supplier 1252,0.12,-40.52,5.02,LATAM,2,2923269,2024-11-09
SUP-001253,Supplier 1253,0.12,-35.72,127.23,EMEA,1,2263019,2024-02-09
SUP-001254,Supplier 1254,0.62,9.0,39.91,APAC,2,2605027,2025-07-06
SUP-001255,Supplier 1255,0.13,50.0,13.57,APAC,1,3901730,2024-11-15
SUP-001256,Supplier 1256,0.85,-50.82,-162.41,NA,1,1375815,2026-05-01
SUP-001257,Supplier 1257,0.75,-56.04,-18.61,NA,1,4144041,2025-01-17
SUP-001258,Supplier 1258,0.81,0.47,146.89,EMEA,1,1415862,2024-09-30
SUP-001259,Supplier 1259,0.53,64.3,76.23,NA,4,716663,2024-11-16
SUP-001260,Supplier 1260,0.99,-23.73,-161.66,LATAM,4,3687050,2026-03-27
SUP-001261,Supplier 1261,0.05,64.69,138.24,EMEA,4,3544660,2024-04-16
SUP-001262,Supplier 1262,0.4,55.4,117.6,EMEA,1,1680489,2026-06-22
SUP-001263,Supplier 1263,0.33,-23.19,16.81,LATAM,2,3247375,
SUP-001264,Supplier 1264,0.94,46.2,-171.93,EMEA,2,3646266,2026-03-11
SUP-001265,Supplier 1265,0.58,29.16,22.47,LATAM,3,3941288,2025-05-28
SUP-001266,Supplier 1266,0.8,6.54,-160.35,APAC,1,4764006,2025-06-21
SUP-001267,Supplier 1267,0.18,-5.02,-64.66,LATAM,1,4273242,2024-07-12
SUP-001268,Supplier 1268,0.97,46.02,46.41,NA,4,2202144,2025-11-12
SUP-001269,Supplier 1269,0.5,43.1,148.65,NA,2,1158886,2025-09-04
SUP-001270,Supplier 1270,0.49,38.4,-51.19,LATAM,4,495654,2025-03-30
SUP-001271,Supplier 1271,0.96,69.77,129.61,NA,1,2873277,2025-03-08
SUP-001272,Supplier 1272,0.38,2.21,150.61,APAC,4,3336066,2025-07-17
SUP-001273,Supplier 1273,0.4,44.9,-172.42,EMEA,3,3457503,2025-03-21
SUP-001274,Supplier 1274,0.58,52.12,-93.81,LATAM,4,57519,2026-07-08
SUP-001275,Supplier 1275,0.14,-32.49,75.55,LATAM,3,3509762,2024-02-09
SUP-001276,Supplier 1276,0.32,-54.53,92.46,EMEA,4,3937147,2024-08-25
SUP-001277,Supplier 1277,0.2,-7.38,-38.73,LATAM,2,3611563,2026-03-14
SUP-001278,Supplier 1278,0.11,51.38,56.43,LATAM,2,2633009,2026-01-18
SUP-001279,Supplier 1279,0.86,-22.42,40.38,EMEA,1,85715,2024-11-24
SUP-001280,Supplier 1280,0.59,31.0,86.32,NA,1,2453763,2025-04-22
SUP-001281,Supplier 1281,0.36,-59.04,78.72,EMEA,4,3227289,2024-01-26
SUP-001282,Supplier 1282,0.41,-13.8,-149.09,LATAM,2,2851516,2024-06-15
SUP-001283,Supplier 1283,0.43,20.02,-123.03,APAC,1,2877175,2026-06-10
SUP-001284,Supplier 1284,0.63,-43.13,-132.22,APAC,2,2586878,2025-08-30
SUP-001285,Supplier 1285,0.92,56.56,155.69,EMEA,2,2764584,2024-02-06
SUP-001286,Supplier 1286,0.92,-39.68,148.88,EMEA,3,1625648,2026-01-18
SUP-001287,Supplier 1287,0.39,58.27,107.07,EMEA,1,3028761,2025-01-15
SUP-001288,Supplier 1288,0.33,-31.87,-137.98,APAC,1,1414729,
SUP-001289,Supplier 1289,0.45,69.26,26.74,EMEA,3,2462474,2026-03-19
SUP-001290,Supplier 1290,0.57,18.62,-112.6,EMEA,1,2082334,2026-03-01
SUP-001291,Supplier 1291,0.46,-49.04,-47.38,EMEA,2,3573876,2024-05-08
SUP-001292,Supplier 1292,0.66,-51.51,-83.85,NA,3,4475597,2024-12-11
SUP-001293,Supplier 1293,0.55,-50.26,118.42,LATAM,3,3170013,2024-09-14
SUP-001294,Supplier 1294,0.32,16.69,-128.0,NA,1,685498,2026-05-12
SUP-001295,Supplier 1295,0.35,45.25,52.62,APAC,3,3340852,2026-01-07
SUP-001296,Supplier 1296,0.38,-7.61,174.2,LATAM,1,1630575,2025-09-04
SUP-001297,Supplier 1297,0.1,-2.17,67.34,APAC,1,256987,2024-02-25
SUP-001298,Supplier 1298,0.17,16.61,-151.48,APAC,1,969579,2026-01-28
SUP-001299,Supplier 1299,0.72,9.3,146.83,APAC,3,4996848,2025-06-13
SUP-001300,Supplier 1300,0.39,29.45,51.51,NA,3,2141413,2024-09-14
SUP-001301,Supplier 1301,0.22,1.33,-15.73,APAC,3,1016589,2025-02-21
SUP-001302,Supplier 1302,0.56,32.8,57.49,EMEA,1,676157,2025-02-25
SUP-001303,Supplier 1303,0.75,69.65,136.46,EMEA,2,3255147,2024-10-06
SUP-001304,Supplier 1304,0.26,-14.46,-8.23,EMEA,1,3806370,2026-05-08
SUP-001305,Supplier 1305,0.82,-58.41,11.28,NA,2,1772175,2026-05-16
SUP-001306,Supplier 1306,0.92,-43.67,-17.12,APAC,1,526302,2024-02-18
SUP-001307,Supplier 1307,0.6,11.96,-153.87,LATAM,3,1779794,2026-06-02
SUP-001308,Supplier 1308,0.67,-15.25,103.35,LATAM,4,3329657,2025-01-16
SUP-001309,Supplier 1309,0.06,62.2,-134.49,APAC,4,578818,2026-01-25
SUP-001310,Supplier 1310,0.94,21.57,-37.95,EMEA,1,1345874,2026-01-06
SUP-001311,Supplier 1311,0.39,7.65,-40.74,NA,1,20001,2025-07-19
SUP-001312,Supplier 1312,0.92,43.75,-79.19,EMEA,1,2366228,2025-12-03
SUP-001313,Supplier 1313,0.58,-26.38,-35.1,APAC,4,860998,2025-10-05
SUP-001314,Supplier 1314,0.01,46.57,42.48,NA,4,1007939,2026-03-14
SUP-001315,Supplier 1315,0.05,-59.6,-67.9,NA,1,573870,2025-02-03
SUP-001316,Supplier 1316,0.68,20.56,-117.9,APAC,4,3653816,2025-11-28
SUP-001317,Supplier 1317,0.56,61.52,132.97,LATAM,3,2452605,2026-07-13
SUP-001318,Supplier 1318,0.04,42.42,169.5,EMEA,1,4741897,2026-06-13
SUP-001319,Supplier 1319,0.74,50.97,-14.91,LATAM,2,1981242,2024-05-19
SUP-001320,Supplier 1320,0.85,-8.4,-62.27,NA,2,1116508,2025-04-15
SUP-001321,Supplier 1321,0.5,47.15,-162.91,LATAM,4,1028423,2025-04-26
SUP-001322,Supplier 1322,0.47,11.61,-166.73,NA,1,4766234,2025-08-12
SUP-001323,Supplier 1323,0.02,20.41,-38.56,NA,1,2952707,2025-09-02
SUP-001324,Supplier 1324,0.78,-52.34,154.89,EMEA,3,1633116,2026-03-11
SUP-001325,Supplier 1325,0.33,-33.8,83.06,LATAM,2,3274290,2025-05-17
SUP-001326,Supplier 1326,0.87,11.63,-54.26,NA,2,2793657,2025-10-24
SUP-001327,Supplier 1327,0.38,-52.36,168.5,NA,4,582798,2026-04-29
SUP-001328,Supplier 1328,0.56,36.39,-25.65,EMEA,4,3510933,2024-04-06
SUP-001329,Supplier 1329,0.27,49.21,-80.35,LATAM,3,604743,2025-08-29
SUP-001330,Supplier 1330,0.17,59.65,-26.51,APAC,4,1004350,2024-12-12
SUP-001331,Supplier 1331,0.77,-46.77,-103.84,EMEA,4,3569496,2026-05-05
SUP-001332,Supplier 1332,0.5,62.16,138.83,LATAM,3,2229372,2025-06-05
SUP-001333,Supplier 1333,0.54,-51.21,-49.98,NA,4,1118615,2025-07-23
SUP-001334,Supplier 1334,0.96,1.63,56.87,EMEA,1,348459,2025-12-13
SUP-001335,Supplier 1335,0.95,49.23,-39.94,EMEA,1,2972338,2024-08-16
SUP-001336,Supplier 1336,0.85,-50.86,144.62,EMEA,4,3488298,2025-05-28
SUP-001337,Supplier 1337,0.19,-57.63,51.26,NA,1,1023246,2025-12-30
SUP-001338,Supplier 1338,0.59,-56.76,-4.23,EMEA,3,2088914,2026-01-04
SUP-001339,Supplier 1339,0.87,6.47,-132.43,EMEA,2,1727796,2024-08-03
SUP-001340,Supplier 1340,0.38,45.51,144.69,EMEA,4,4459306,2026-03-01
SUP-001341,Supplier 1341,0.11,-43.43,16.85,LATAM,3,3956609,2024-06-02
SUP-001342,Supplier 1342,0.8,-43.8,-77.38,NA,1,1377219,2024-09-07
SUP-001343,Supplier 1343,0.48,13.91,136.05,APAC,2,2572643,
SUP-001344,Supplier 1344,0.56,-29.54,-160.4,EMEA,3,4618770,2025-08-04
SUP-001345,Supplier 1345,0.97,34.93,-66.93,LATAM,4,1735237,
SUP-001346,Supplier 1346,0.61,63.45,13.26,EMEA,4,713788,2025-06-09
SUP-001347,Supplier 1347,0.43,39.58,-57.67,LATAM,4,1498638,2026-07-03
SUP-001348,Supplier 1348,0.37,54.03,-8.38,LATAM,4,3038762,2024-08-02
SUP-001349,Supplier 1349,0.42,7.55,-84.85,APAC,4,4961546,2024-10-09
SUP-001350,Supplier 1350,0.13,48.2,-133.17,NA,3,1545962,
SUP-001351,Supplier 1351,0.79,-36.22,-166.73,LATAM,2,302237,2026-03-09
SUP-001352,Supplier 1352,0.83,-51.11,-123.25,APAC,3,917090,2025-06-01
SUP-001353,Supplier 1353,0.29,25.27,163.06,APAC,4,2068634,2025-11-16
SUP-001354,Supplier 1354,0.31,-53.25,27.15,LATAM,2,478746,2026-02-10
SUP-001355,Supplier 1355,0.87,56.02,-3.97,APAC,4,184548,2026-04-22
SUP-001356,Supplier 1356,0.03,29.9,-41.64,LATAM,3,3281656,2025-03-11
SUP-001357,Supplier 1357,0.52,63.79,75.03,NA,1,4123606,2025-03-08
SUP-001358,Supplier 1358,0.46,-19.19,-129.15,NA,4,1173507,2024-03-17
SUP-001359,Supplier 1359,0.69,3.2,-80.59,APAC,4,2617860,2024-03-16
SUP-001360,Supplier 1360,0.17,36.42,56.12,NA,3,2868343,2025-04-05
SUP-001361,Supplier 1361,0.66,-28.44,-7.54,LATAM,1,3341359,2025-12-08
SUP-001362,Supplier 1362,0.38,10.44,97.23,LATAM,1,4897299,2026-03-02
SUP-001363,Supplier 1363,0.62,25.73,142.96,NA,4,4427237,2025-01-20
SUP-001364,Supplier 1364,0.05,67.25,116.41,APAC,1,1586649,2025-06-23
SUP-001365,Supplier 1365,0.46,36.81,-113.69,EMEA,2,4878702,
SUP-001366,Supplier 1366,0.52,-44.64,-147.07,EMEA,3,184371,2024-10-28
SUP-001367,Supplier 1367,0.22,1.79,-119.0,EMEA,1,4809607,2024-05-29
SUP-001368,Supplier 1368,0.15,16.54,102.07,NA,4,722684,2026-05-19
SUP-001369,Supplier 1369,0.19,-40.94,148.98,LATAM,3,578775,2025-05-30
SUP-001370,Supplier 1370,0.35,-3.84,153.16,APAC,1,605416,2024-05-26
SUP-001371,Supplier 1371,0.1,-23.08,-72.64,EMEA,2,618851,2024-08-25
SUP-001372,Supplier 1372,0.94,-44.55,122.52,APAC,2,2321784,2024-11-04
SUP-001373,Supplier 1373,0.41,6.57,13.04,NA,1,3204420,2024-07-08
SUP-001374,Supplier 1374,0.8,-38.47,116.21,EMEA,4,3725806,2025-02-16
SUP-001375,Supplier 1375,0.96,16.77,17.41,LATAM,2,89288,2026-02-06
SUP-001376,Supplier 1376,0.09,-37.94,-127.48,EMEA,3,1489257,2025-11-27
SUP-001377,Supplier 1377,0.65,34.07,-151.48,NA,3,670323,2026-05-15
SUP-001378,Supplier 1378,0.86,-34.62,164.6,APAC,1,737755,2026-02-27
SUP-001379,Supplier 1379,0.63,56.52,-26.71,APAC,3,3734612,2024-10-20
SUP-001380,Supplier 1380,0.43,-56.59,-53.81,APAC,2,3207426,2024-02-25
SUP-001381,Supplier 1381,0.43,7.86,-51.73,APAC,1,1057631,2024-05-23
SUP-001382,Supplier 1382,0.05,-18.39,-43.58,NA,2,1512889,2026-01-17
SUP-001383,Supplier 1383,0.53,-30.74,160.2,APAC,3,4625428,2024-11-17
SUP-001384,Supplier 1384,0.98,1.31,-157.43,APAC,1,2880100,2025-11-11
SUP-001385,Supplier 1385,0.95,49.46,-137.14,NA,4,1201724,2025-03-08
SUP-001386,Supplier 1386,0.05,58.99,104.27,LATAM,3,4669594,2026-04-24
SUP-001387,Supplier 1387,0.7,-20.58,17.79,LATAM,2,1001095,2025-04-24
SUP-001388,Supplier 1388,0.31,-39.95,-133.73,APAC,3,1463821,2026-04-30
SUP-001389,Supplier 1389,0.89,33.62,-167.59,EMEA,2,3466890,2024-08-24
SUP-001390,Supplier 1390,0.05,15.66,-99.28,LATAM,3,2567333,2026-01-03
SUP-001391,Supplier 1391,0.93,-33.87,-86.11,NA,1,355561,2025-05-09
SUP-001392,Supplier 1392,0.83,38.84,-174.88,NA,3,4035991,2024-06-28
SUP-001393,Supplier 1393,0.13,7.46,-102.21,EMEA,1,1148528,2024-08-08
SUP-001394,Supplier 1394,0.07,24.94,85.79,NA,1,3461673,2024-10-23
SUP-001395,Supplier 1395,0.83,-13.29,127.96,APAC,2,1678533,2024-05-26
SUP-001396,Supplier 1396,0.16,-2.92,143.36,NA,1,3759876,2026-06-02
SUP-001397,Supplier 1397,0.53,-36.56,-39.63,APAC,2,4491594,2024-07-19
SUP-001398,Supplier 1398,0.91,38.35,-65.01,APAC,1,3865121,2025-07-18
SUP-001399,Supplier 1399,0.57,-39.59,179.95,NA,1,4606718,2025-06-22
SUP-001400,Supplier 1400,0.4,41.18,96.96,APAC,1,2704180,2025-05-23
SUP-001401,Supplier 1401,0.45,43.74,13.45,NA,4,334608,2025-08-15
SUP-001402,Supplier 1402,0.07,37.06,-88.28,APAC,3,2684949,2026-05-14
SUP-001403,Supplier 1403,0.96,-57.48,-64.33,LATAM,1,2311601,2026-07-02
SUP-001404,Supplier 1404,0.31,-24.49,5.53,APAC,1,3597259,2026-04-05
SUP-001405,Supplier 1405,0.2,0.88,15.15,APAC,4,1250992,2025-03-09
SUP-001406,Supplier 1406,0.29,17.42,-175.08,EMEA,3,3491264,2025-11-17
SUP-001407,Supplier 1407,0.96,59.5,165.38,APAC,4,2213851,2024-06-24
SUP-001408,Supplier 1408,0.1,-11.17,27.22,NA,1,3353587,2026-04-12
SUP-001409,Supplier 1409,0.86,53.75,32.1,LATAM,2,2104646,2024-07-03
SUP-001410,Supplier 1410,0.7,-38.75,-103.87,NA,1,1916852,2024-04-17
SUP-001411,Supplier 1411,0.82,-11.73,95.4,NA,2,1079177,2026-02-21
SUP-001412,Supplier 1412,0.97,-53.2,85.42,APAC,1,4144427,2025-12-16
SUP-001413,Supplier 1413,0.84,36.52,-145.74,NA,1,352691,2024-05-10
SUP-001414,Supplier 1414,0.93,-40.42,34.2,EMEA,3,1188652,2026-06-30
SUP-001415,Supplier 1415,0.13,-26.59,56.95,LATAM,4,2139091,2024-04-15
SUP-001416,Supplier 1416,0.79,40.78,120.8,EMEA,3,787102,2024-02-16
SUP-001417,Supplier 1417,0.54,9.51,-105.81,LATAM,4,4584455,2026-06-21
SUP-001418,Supplier 1418,0.54,-58.18,135.95,EMEA,4,1732359,2024-07-29
SUP-001419,Supplier 1419,0.89,-59.71,-13.87,NA,4,1219574,2024-08-09
SUP-001420,Supplier 1420,0.96,6.39,-145.25,LATAM,1,1276617,2026-01-19
SUP-001421,Supplier 1421,0.7,-20.36,-141.98,LATAM,2,966472,2025-07-27
SUP-001422,Supplier 1422,0.48,-36.56,-108.79,EMEA,3,3319280,2025-05-05
SUP-001423,Supplier 1423,0.46,19.77,-78.21,LATAM,4,2411579,2026-07-21
SUP-001424,Supplier 1424,0.39,-30.3,-1.29,NA,4,1162779,2024-03-22
SUP-001425,Supplier 1425,0.36,16.99,89.55,APAC,3,4367812,2026-05-23
SUP-001426,Supplier 1426,0.39,-10.7,-112.78,EMEA,2,3285884,2024-09-09
SUP-001427,Supplier 1427,0.1,-35.72,177.35,NA,2,2020492,2025-08-10
SUP-001428,Supplier 1428,0.09,-42.05,-121.85,EMEA,1,2570981,2024-11-01
SUP-001429,Supplier 1429,0.77,-29.21,35.78,LATAM,2,3284508,
SUP-001430,Supplier 1430,0.45,-56.12,154.42,APAC,1,770725,2024-10-30
SUP-001431,Supplier 1431,0.92,-19.94,119.7,LATAM,4,4043775,2025-06-11
SUP-001432,Supplier 1432,0.61,57.25,53.24,NA,1,1299397,2026-04-08
SUP-001433,Supplier 1433,0.04,48.08,77.58,APAC,2,157645,2024-04-16
SUP-001434,Supplier 1434,0.16,-11.64,-131.69,NA,4,2613416,2025-09-16
SUP-001435,Supplier 1435,0.21,14.86,-176.52,LATAM,4,4383357,2026-03-23
SUP-001436,Supplier 1436,0.97,13.76,-23.71,APAC,2,3668195,2025-11-24
SUP-001437,Supplier 1437,0.22,47.74,-147.77,LATAM,2,1549227,2026-07-14
SUP-001438,Supplier 1438,0.52,-29.28,-51.21,EMEA,3,1997275,2024-01-13
SUP-001439,Supplier 1439,0.93,-21.47,-99.45,APAC,4,2983800,2024-12-08
SUP-001440,Supplier 1440,0.97,-20.77,149.88,APAC,4,1171834,2025-02-07
SUP-001441,Supplier 1441,0.24,-54.69,136.82,APAC,3,4102164,2025-05-20
SUP-001442,Supplier 1442,0.06,-19.09,114.82,LATAM,2,1482440,2024-10-27
SUP-001443,Supplier 1443,0.16,54.13,77.02,EMEA,2,1091241,2024-08-27
SUP-001444,Supplier 1444,0.07,58.56,-124.53,EMEA,3,484634,2026-03-15
SUP-001445,Supplier 1445,0.2,-45.75,-162.59,APAC,4,3469404,2024-08-07
SUP-001446,Supplier 1446,0.57,-0.45,55.4,NA,1,135496,2026-06-19
SUP-001447,Supplier 1447,0.9,-10.42,51.21,APAC,4,4029291,2024-02-04
SUP-001448,Supplier 1448,0.54,3.62,-47.01,NA,2,4865915,2025-02-03
SUP-001449,Supplier 1449,0.62,12.11,-9.83,NA,1,564456,2025-07-29
SUP-001450,Supplier 1450,0.21,-57.37,-3.91,LATAM,1,491085,2026-07-07
SUP-001451,Supplier 1451,0.79,49.49,-93.63,EMEA,2,4673192,2025-12-22
SUP-001452,Supplier 1452,0.62,66.58,-66.9,EMEA,1,633187,2024-01-14
SUP-001453,Supplier 1453,0.86,24.94,-29.38,APAC,1,2044058,2025-12-07
SUP-001454,Supplier 1454,0.94,25.86,37.14,APAC,2,4356110,2024-11-03
SUP-001455,Supplier 1455,0.35,8.64,164.09,NA,4,703533,2026-03-22
SUP-001456,Supplier 1456,0.1,-16.54,13.85,NA,3,3320891,2026-01-01
SUP-001457,Supplier 1457,0.23,-40.63,83.22,NA,1,1919247,2024-06-30
SUP-001458,Supplier 1458,0.44,15.93,110.52,LATAM,3,2186001,2024-12-05
SUP-001459,Supplier 1459,0.94,-54.16,-139.14,LATAM,2,4656003,2026-02-14
SUP-001460,Supplier 1460,0.38,47.19,55.12,EMEA,3,3248626,2026-05-19
SUP-001461,Supplier 1461,0.77,-5.28,-6.44,LATAM,1,1604022,2025-07-23
SUP-001462,Supplier 1462,0.54,-6.08,26.08,NA,1,4675574,2024-07-25
SUP-001463,Supplier 1463,0.19,-17.47,-166.17,APAC,2,2908012,2025-01-02
SUP-001464,Supplier 1464,0.32,66.02,146.24,NA,4,505892,2026-01-21
SUP-001465,Supplier 1465,0.65,-37.26,163.0,EMEA,3,1969170,2025-07-18
SUP-001466,Supplier 1466,0.67,-40.33,-178.75,EMEA,1,1226118,2024-07-09
SUP-001467,Supplier 1467,0.44,-38.48,-103.4,NA,4,3215761,2024-09-26
SUP-001468,Supplier 1468,0.23,25.61,-115.13,APAC,4,4302899,2024-07-05
SUP-001469,Supplier 1469,0.72,68.95,101.27,APAC,3,205140,2025-03-18
SUP-001470,Supplier 1470,0.18,-29.39,35.31,APAC,3,3905390,2025-02-24
SUP-001471,Supplier 1471,0.93,57.73,-116.16,LATAM,1,4582401,2025-05-26
SUP-001472,Supplier 1472,0.19,-23.78,113.03,LATAM,3,4971341,2026-06-11
SUP-001473,Supplier 1473,0.12,24.23,-52.75,LATAM,4,3309283,2025-09-07
SUP-001474,Supplier 1474,0.5,-54.74,-14.09,APAC,2,1576404,2025-07-06
SUP-001475,Supplier 1475,0.52,4.44,-40.57,NA,1,735146,2024-12-11
SUP-001476,Supplier 1476,0.51,25.09,7.7,APAC,4,4724983,2025-08-22
SUP-001477,Supplier 1477,0.44,9.72,-7.15,NA,3,2068396,2026-06-20
SUP-001478,Supplier 1478,0.98,-29.08,-81.15,LATAM,3,1725007,2024-01-10
SUP-001479,Supplier 1479,0.49,47.7,-27.16,NA,3,3672506,2024-11-26
SUP-001480,Supplier 1480,0.48,66.12,147.0,LATAM,1,3578315,2024-02-23
SUP-001481,Supplier 1481,0.42,-0.3,1.04,NA,1,4048681,2024-07-11
SUP-001482,Supplier 1482,0.08,22.67,149.9,LATAM,4,4414887,2024-03-04
SUP-001483,Supplier 1483,0.59,42.75,18.05,NA,4,4386332,2025-07-13
SUP-001484,Supplier 1484,0.23,-28.61,96.77,NA,1,862202,2026-02-12
SUP-001485,Supplier 1485,0.63,52.38,-74.31,APAC,3,856360,2026-06-06
SUP-001486,Supplier 1486,0.06,-23.57,104.55,LATAM,3,1036136,2024-08-11
SUP-001487,Supplier 1487,0.97,40.86,-84.84,EMEA,2,3140246,2025-10-22
SUP-001488,Supplier 1488,0.47,-45.43,-172.96,LATAM,3,2908983,2024-11-06
SUP-001489,Supplier 1489,0.89,-22.51,-122.14,LATAM,4,4287699,2024-10-25
SUP-001490,Supplier 1490,0.48,9.37,-172.2,EMEA,4,4220685,2025-07-29
SUP-001491,Supplier 1491,0.07,8.24,160.94,APAC,1,4068717,
SUP-001492,Supplier 1492,0.82,50.56,179.99,EMEA,2,403958,2025-07-05
SUP-001493,Supplier 1493,0.65,69.5,94.4,APAC,4,3481062,2024-04-04
SUP-001494,Supplier 1494,0.78,-46.06,-141.07,LATAM,1,4255895,2025-01-22
SUP-001495,Supplier 1495,0.43,-24.72,143.62,EMEA,4,4912133,2024-09-26
SUP-001496,Supplier 1496,0.64,-13.51,87.76,EMEA,2,1722171,2024-01-05
SUP-001497,Supplier 1497,0.85,2.26,-60.39,NA,3,3885794,2024-02-08
SUP-001498,Supplier 1498,0.63,4.21,0.82,EMEA,2,2037070,2025-02-28
SUP-001499,Supplier 1499,0.35,51.31,58.23,LATAM,4,812293,2024-04-04
SUP-001500,Supplier 1500,0.66,40.17,-171.34,APAC,3,1705906,2025-11-28
SUP-001501,Supplier 1501,0.67,-57.55,0.55,APAC,3,1263574,2024-02-23
SUP-001502,Supplier 1502,0.95,-0.85,83.66,EMEA,2,4558284,2024-08-10
SUP-001503,Supplier 1503,0.37,20.35,-112.24,EMEA,1,886431,2026-07-19
SUP-001504,Supplier 1504,0.43,-0.15,-20.24,EMEA,4,662663,2025-10-30
SUP-001505,Supplier 1505,0.81,-43.02,11.71,NA,2,2903013,2025-06-10
SUP-001506,Supplier 1506,0.51,-8.33,84.8,NA,1,2875629,2024-01-15
SUP-001507,Supplier 1507,0.73,-6.48,167.2,EMEA,4,2809923,2024-02-11
SUP-001508,Supplier 1508,0.46,-35.6,125.38,APAC,1,749059,2026-05-07
SUP-001509,Supplier 1509,0.22,38.32,43.75,EMEA,3,2497821,2026-01-24
SUP-001510,Supplier 1510,0.74,-18.22,30.11,LATAM,2,4643687,2026-06-15
SUP-001511,Supplier 1511,0.14,16.57,37.15,LATAM,4,458140,2026-02-01
SUP-001512,Supplier 1512,0.2,7.04,16.26,NA,1,3991677,2024-01-03
SUP-001513,Supplier 1513,0.62,54.07,-158.63,EMEA,4,637663,2026-01-30
SUP-001514,Supplier 1514,0.74,-44.14,71.39,LATAM,1,1176758,2025-03-08
SUP-001515,Supplier 1515,0.89,-45.15,77.88,APAC,4,4491719,2025-10-15
SUP-001516,Supplier 1516,0.28,-20.96,4.49,LATAM,2,1495913,2025-01-25
SUP-001517,Supplier 1517,0.12,-3.94,133.34,EMEA,1,2616848,2025-11-11
SUP-001518,Supplier 1518,0.95,-21.19,62.08,APAC,2,1913761,2026-03-05
SUP-001519,Supplier 1519,0.16,39.21,-49.44,LATAM,1,3075092,2026-07-08
SUP-001520,Supplier 1520,0.2,-28.12,-172.91,APAC,2,2033034,2025-05-25
SUP-001521,Supplier 1521,0.3,-48.98,-158.7,LATAM,3,2224702,2024-09-20
SUP-001522,Supplier 1522,0.53,-6.21,-53.35,EMEA,3,4088540,2025-07-31
SUP-001523,Supplier 1523,0.88,40.54,-13.64,NA,3,2775062,2025-04-16
SUP-001524,Supplier 1524,0.76,50.57,-119.93,APAC,4,2827021,2024-07-10
SUP-001525,Supplier 1525,0.7,35.33,-111.84,APAC,2,4029833,2025-11-14
SUP-001526,Supplier 1526,0.18,12.53,-97.12,LATAM,3,2145467,2024-03-13
SUP-001527,Supplier 1527,0.36,34.14,100.98,EMEA,1,4119641,2025-01-15
SUP-001528,Supplier 1528,0.48,28.58,97.66,NA,2,3600028,2025-10-15
SUP-001529,Supplier 1529,0.15,-29.53,-42.14,EMEA,3,4419829,
SUP-001530,Supplier 1530,0.28,11.6,-117.95,NA,1,2294745,2025-08-08
SUP-001531,Supplier 1531,0.31,40.18,-140.07,APAC,2,2797727,2026-07-13
SUP-001532,Supplier 1532,0.13,-18.77,-148.63,LATAM,1,649917,2026-02-24
SUP-001533,Supplier 1533,0.55,25.02,-39.14,EMEA,4,565596,2024-08-10
SUP-001534,Supplier 1534,0.7,2.59,-163.6,NA,3,546371,2026-03-08
SUP-001535,Supplier 1535,0.08,5.41,-59.89,EMEA,3,3168703,2024-11-13
SUP-001536,Supplier 1536,0.48,-48.29,166.15,LATAM,3,1636523,2025-08-18
SUP-001537,Supplier 1537,0.78,26.61,2.7,NA,1,1451679,2024-07-08
SUP-001538,Supplier 1538,0.74,52.54,116.15,LATAM,1,3018322,2025-05-23
SUP-001539,Supplier 1539,0.81,-41.61,-133.46,NA,2,1997953,2025-10-03
SUP-001540,Supplier 1540,0.45,-12.41,-83.49,APAC,1,682858,2026-05-12
SUP-001541,Supplier 1541,0.81,-53.67,160.76,EMEA,2,2791656,2026-06-09
SUP-001542,Supplier 1542,0.25,-56.15,-41.92,NA,2,2755169,2026-01-26
SUP-001543,Supplier 1543,0.36,68.66,53.43,LATAM,4,707036,2025-06-11
SUP-001544,Supplier 1544,0.18,4.15,171.41,LATAM,2,1355352,2026-04-13
SUP-001545,Supplier 1545,0.47,-13.78,18.28,APAC,1,1193973,2024-04-10
SUP-001546,Supplier 1546,0.39,-24.27,-70.08,LATAM,4,3480112,2026-07-29
SUP-001547,Supplier 1547,0.25,67.4,11.5,NA,1,1253174,2024-07-11
SUP-001548,Supplier 1548,0.75,-27.21,-160.33,LATAM,1,151030,2025-01-15
SUP-001549,Supplier 1549,0.32,34.34,-139.55,NA,2,1341122,2026-05-06
SUP-001550,Supplier 1550,0.28,-23.11,-177.42,EMEA,1,2350426,2025-11-07
SUP-001551,Supplier 1551,0.14,-50.84,138.32,APAC,4,3849305,2026-03-13
SUP-001552,Supplier 1552,0.44,28.83,61.66,APAC,2,270798,2025-10-11
SUP-001553,Supplier 1553,0.31,-59.79,-72.6,NA,4,4407283,2025-07-21
SUP-001554,Supplier 1554,0.37,27.85,-100.38,APAC,1,1659233,2024-06-13
SUP-001555,Supplier 1555,0.24,-27.45,65.91,APAC,3,1719711,2026-07-29
SUP-001556,Supplier 1556,0.76,36.99,151.03,LATAM,1,87719,2025-08-23
SUP-001557,Supplier 1557,0.92,40.07,-72.31,EMEA,1,1388982,2025-09-22
SUP-001558,Supplier 1558,0.5,34.13,-64.24,LATAM,2,2350802,2025-02-08
SUP-001559,Supplier 1559,0.64,-56.82,127.53,NA,4,3134226,
SUP-001560,Supplier 1560,0.86,31.49,141.62,EMEA,2,3837409,2025-03-01
SUP-001561,Supplier 1561,0.99,68.72,149.05,NA,4,2618360,2024-06-28
SUP-001562,Supplier 1562,0.61,-28.46,-74.46,APAC,1,510097,2024-06-19
SUP-001563,Supplier 1563,0.88,-24.35,-136.69,EMEA,2,1963224,2025-10-21
SUP-001564,Supplier 1564,0.9,45.76,-21.6,LATAM,3,3678761,2025-12-04
SUP-001565,Supplier 1565,0.79,-39.15,-73.52,NA,2,3201342,2024-07-13
SUP-001566,Supplier 1566,0.46,25.88,138.19,LATAM,3,2925134,2025-10-20
SUP-001567,Supplier 1567,0.09,38.15,-166.81,LATAM,3,2546687,2026-07-30
SUP-001568,Supplier 1568,0.03,-55.17,48.2,APAC,1,2527980,2025-05-17
SUP-001569,Supplier 1569,0.48,11.99,146.23,APAC,3,4965212,2026-07-05
SUP-001570,Supplier 1570,0.49,14.86,171.6,LATAM,4,3001421,2024-05-27
SUP-001571,Supplier 1571,0.41,-20.55,54.05,APAC,4,2989524,2025-01-15
SUP-001572,Supplier 1572,0.57,53.92,161.97,LATAM,2,1686126,2025-06-09
SUP-001573,Supplier 1573,0.55,-38.84,-152.76,NA,2,2455283,2024-12-03
SUP-001574,Supplier 1574,0.83,-12.65,-50.66,APAC,4,3554594,2024-04-04
SUP-001575,Supplier 1575,0.12,50.33,-176.86,LATAM,4,4291535,2025-03-08
SUP-001576,Supplier 1576,0.23,-35.22,173.23,NA,4,3900532,2024-11-16
SUP-001577,Supplier 1577,0.79,46.78,144.98,NA,4,3315069,2024-07-11
SUP-001578,Supplier 1578,0.84,-49.72,-169.9,APAC,2,3893337,2024-12-17
SUP-001579,Supplier 1579,0.98,3.6,-173.47,LATAM,1,174367,
SUP-001580,Supplier 1580,0.87,-50.21,-47.89,EMEA,1,1354604,2026-04-13
SUP-001581,Supplier 1581,0.88,28.13,-86.93,LATAM,2,1222927,2025-04-08
SUP-001582,Supplier 1582,0.32,42.78,124.9,APAC,4,3272995,
SUP-001583,Supplier 1583,0.4,50.48,-122.23,EMEA,2,3769205,2025-01-02
SUP-001584,Supplier 1584,0.27,67.56,104.63,APAC,2,748997,2025-07-18
SUP-001585,Supplier 1585,0.6,27.36,19.61,NA,4,972693,
SUP-001586,Supplier 1586,0.93,39.98,-44.14,APAC,1,2482143,2026-04-05
SUP-001587,Supplier 1587,0.35,5.75,-127.54,EMEA,3,4841852,2025-01-30
SUP-001588,Supplier 1588,0.56,58.66,179.17,APAC,3,23120,2025-02-05
SUP-001589,Supplier 1589,0.3,23.69,42.48,LATAM,4,4398498,2024-03-01
SUP-001590,Supplier 1590,0.18,54.86,-21.82,APAC,2,975997,2026-04-14
SUP-001591,Supplier 1591,0.2,-29.39,-46.39,APAC,3,1349901,2025-03-20
SUP-001592,Supplier 1592,0.07,4.58,146.06,LATAM,4,3162353,2024-05-08
SUP-001593,Supplier 1593,0.94,34.88,115.63,EMEA,4,3646585,2024-06-10
SUP-001594,Supplier 1594,0.4,-33.65,112.03,APAC,3,4373063,2024-12-10
SUP-001595,Supplier 1595,0.83,-32.53,41.83,APAC,3,37433,2026-01-06
SUP-001596,Supplier 1596,0.68,67.15,139.66,NA,4,254651,2024-03-30
SUP-001597,Supplier 1597,0.2,-3.5,-72.26,EMEA,4,2396380,2024-04-23
SUP-001598,Supplier 1598,0.18,-36.36,73.33,APAC,3,2797178,2025-06-13
SUP-001599,Supplier 1599,0.81,-16.91,-34.4,APAC,2,1311635,2025-04-16
SUP-001600,Supplier 1600,0.27,-8.34,36.0,NA,3,3187507,2026-06-22
SUP-001601,Supplier 1601,0.91,21.0,179.34,NA,1,1333581,2025-12-10
SUP-001602,Supplier 1602,0.15,59.99,174.43,APAC,3,4662630,2025-09-12
SUP-001603,Supplier 1603,0.67,68.26,4.54,LATAM,2,895369,2024-11-13
SUP-001604,Supplier 1604,0.81,24.72,26.59,LATAM,4,3279167,2025-08-14
SUP-001605,Supplier 1605,0.24,30.99,143.04,APAC,3,2656295,2025-07-05
SUP-001606,Supplier 1606,0.28,-18.16,174.83,LATAM,4,524133,2024-09-19
SUP-001607,Supplier 1607,0.96,51.43,100.3,APAC,4,3028131,2024-12-16
SUP-001608,Supplier 1608,0.27,-31.69,-156.53,LATAM,4,742253,
SUP-001609,Supplier 1609,0.43,-46.17,-63.85,NA,1,2702526,2025-05-22
SUP-001610,Supplier 1610,0.43,66.52,142.76,APAC,4,3182463,2025-03-21
SUP-001611,Supplier 1611,0.26,52.34,96.61,APAC,2,370157,2026-01-22
SUP-001612,Supplier 1612,0.77,-20.53,87.2,EMEA,3,1085942,2024-09-09
SUP-001613,Supplier 1613,0.77,27.77,60.45,LATAM,2,1485556,2024-07-26
SUP-001614,Supplier 1614,0.38,0.71,-30.51,LATAM,2,4642244,2026-07-21
SUP-001615,Supplier 1615,0.83,-17.99,-34.83,APAC,4,1113621,2026-01-28
SUP-001616,Supplier 1616,0.22,-22.72,111.22,APAC,4,4604229,2025-02-03
SUP-001617,Supplier 1617,0.01,-42.32,-74.24,APAC,3,2674566,2026-06-12
SUP-001618,Supplier 1618,0.57,11.41,66.54,NA,1,4743792,2024-12-16
SUP-001619,Supplier 1619,0.98,-1.94,81.44,NA,1,4158111,2025-09-29
SUP-001620,Supplier 1620,0.05,6.58,124.04,EMEA,1,1471833,2024-02-03
SUP-001621,Supplier 1621,0.21,-32.0,-64.84,EMEA,4,2803249,2025-10-20
SUP-001622,Supplier 1622,0.52,62.02,87.08,NA,2,3587580,2024-06-17
SUP-001623,Supplier 1623,0.8,23.02,-141.66,NA,1,401049,2024-08-15
SUP-001624,Supplier 1624,0.1,56.95,-130.3,NA,3,3318439,
SUP-001625,Supplier 1625,0.4,-45.79,-29.76,LATAM,4,2303734,2024-07-13
SUP-001626,Supplier 1626,0.74,20.97,-160.12,LATAM,3,187662,2025-03-31
SUP-001627,Supplier 1627,0.37,50.43,161.17,LATAM,2,4336402,2026-05-19
SUP-001628,Supplier 1628,0.2,-16.98,144.68,APAC,1,1335169,2026-06-20
SUP-001629,Supplier 1629,0.2,-34.63,-162.38,NA,4,4372205,
SUP-001630,Supplier 1630,0.41,-25.55,121.79,EMEA,1,1041765,
SUP-001631,Supplier 1631,0.48,-24.52,3.19,NA,4,2712880,2024-09-27
SUP-001632,Supplier 1632,0.85,-1.86,72.71,APAC,1,1860334,
SUP-001633,Supplier 1633,0.64,-17.62,139.3,APAC,1,4466048,2024-11-14
SUP-001634,Supplier 1634,0.69,-24.73,27.71,APAC,2,4765738,2025-11-10
SUP-001635,Supplier 1635,0.97,24.31,-138.12,EMEA,1,3852612,2026-07-25
SUP-001636,Supplier 1636,0.41,-53.11,-179.07,APAC,1,4229552,2025-08-09
SUP-001637,Supplier 1637,0.41,-15.75,-1.11,LATAM,1,3846877,2025-08-12
SUP-001638,Supplier 1638,0.91,29.67,161.72,NA,3,1474188,2025-05-15
SUP-001639,Supplier 1639,0.25,-37.14,26.14,APAC,4,4602795,2024-06-25
SUP-001640,Supplier 1640,0.73,-31.28,-45.74,EMEA,1,2654857,2025-06-29
SUP-001641,Supplier 1641,0.75,-33.91,-168.87,LATAM,3,1723928,2026-05-29
SUP-001642,Supplier 1642,0.11,-59.88,149.39,EMEA,2,969407,2025-10-12
SUP-001643,Supplier 1643,0.47,1.59,-62.22,EMEA,2,3551757,2025-12-11
SUP-001644,Supplier 1644,0.21,-54.94,73.72,EMEA,2,1394395,2026-03-25
SUP-001645,Supplier 1645,0.19,-24.52,69.93,LATAM,4,3266840,2024-12-31
SUP-001646,Supplier 1646,0.46,69.32,-88.6,LATAM,3,334366,2024-11-13
SUP-001647,Supplier 1647,0.29,59.39,-157.04,LATAM,3,3177688,2026-07-04
SUP-001648,Supplier 1648,0.79,-32.04,-41.4,NA,4,3216606,2025-03-09
SUP-001649,Supplier 1649,0.9,-19.7,-65.83,APAC,3,2628371,2025-11-23
SUP-001650,Supplier 1650,0.8,0.28,72.09,NA,1,3288034,2025-08-23
SUP-001651,Supplier 1651,0.27,49.77,115.12,NA,1,4968977,2024-04-26
SUP-001652,Supplier 1652,0.28,44.34,-99.92,APAC,2,4194123,2024-10-23
SUP-001653,Supplier 1653,0.26,-43.59,10.16,EMEA,1,2203354,2024-11-03
SUP-001654,Supplier 1654,0.14,-43.82,-165.38,EMEA,3,4359043,2024-06-17
SUP-001655,Supplier 1655,0.93,-5.82,-102.87,NA,2,4772698,2026-01-05
SUP-001656,Supplier 1656,0.4,53.11,94.23,NA,1,808696,2026-07-01
SUP-001657,Supplier 1657,0.23,54.67,105.62,EMEA,2,1801046,2026-07-01
SUP-001658,Supplier 1658,0.84,-46.04,99.51,NA,4,3717774,2024-07-02
SUP-001659,Supplier 1659,0.4,14.66,-128.74,LATAM,4,2579692,2025-02-28
SUP-001660,Supplier 1660,0.04,-39.76,18.37,LATAM,4,682191,2024-08-07
SUP-001661,Supplier 1661,0.17,29.2,-27.82,NA,4,2367843,2024-02-29
SUP-001662,Supplier 1662,0.64,59.14,176.94,EMEA,3,1874837,2025-08-07
SUP-001663,Supplier 1663,0.78,-0.88,55.47,APAC,4,3696705,2026-03-22
SUP-001664,Supplier 1664,0.22,-49.2,156.67,APAC,4,2582527,2024-03-14
SUP-001665,Supplier 1665,0.91,15.3,-127.67,LATAM,3,708207,2025-08-28
SUP-001666,Supplier 1666,0.84,-6.89,-17.69,LATAM,2,256854,2024-02-02
SUP-001667,Supplier 1667,0.84,45.42,97.78,EMEA,4,1443647,2026-03-06
SUP-001668,Supplier 1668,0.23,-15.76,-47.57,LATAM,2,792250,2024-03-01
SUP-001669,Supplier 1669,0.06,53.74,47.7,APAC,1,4382636,2025-02-15
SUP-001670,Supplier 1670,0.86,-24.42,4.21,EMEA,1,1362869,2024-04-26
SUP-001671,Supplier 1671,0.31,-39.52,177.09,NA,3,3176129,2025-01-24
SUP-001672,Supplier 1672,0.62,-20.16,-117.41,APAC,1,646436,2025-02-09
SUP-001673,Supplier 1673,0.75,-55.46,156.73,LATAM,1,2214155,2025-05-24
SUP-001674,Supplier 1674,0.14,-23.44,-35.43,APAC,1,4671140,2026-02-21
SUP-001675,Supplier 1675,0.78,25.82,-11.52,NA,3,3220753,2026-07-29
SUP-001676,Supplier 1676,0.93,-41.5,10.3,NA,2,1448712,2024-11-18
SUP-001677,Supplier 1677,0.72,-45.52,-84.47,APAC,3,3740866,2026-05-21
SUP-001678,Supplier 1678,0.44,-42.79,166.92,EMEA,3,2510846,2025-02-07
SUP-001679,Supplier 1679,0.87,-49.92,148.14,LATAM,4,1183175,2024-04-21
SUP-001680,Supplier 1680,0.53,53.7,170.25,EMEA,1,4982705,2025-07-20
SUP-001681,Supplier 1681,0.74,62.73,178.89,NA,2,4688557,2025-11-13
SUP-001682,Supplier 1682,0.81,-53.95,61.13,LATAM,3,2837546,2024-10-12
SUP-001683,Supplier 1683,0.74,38.81,-17.39,EMEA,2,175561,2025-07-10
SUP-001684,Supplier 1684,0.29,35.83,126.26,APAC,1,2063363,2025-02-12
SUP-001685,Supplier 1685,0.13,69.6,-171.43,EMEA,1,2574668,2024-05-16
SUP-001686,Supplier 1686,0.24,-14.78,120.39,APAC,2,4649664,2024-12-30
SUP-001687,Supplier 1687,0.5,-22.88,-0.98,EMEA,2,3667633,2025-02-07
SUP-001688,Supplier 1688,0.51,-1.1,62.36,LATAM,1,1120263,2024-11-18
SUP-001689,Supplier 1689,0.58,51.35,-45.34,LATAM,2,2555012,2026-05-13
SUP-001690,Supplier 1690,0.4,34.72,-47.3,APAC,3,905708,2025-01-01
SUP-001691,Supplier 1691,0.78,1.31,-168.58,LATAM,4,2374463,2025-08-14
SUP-001692,Supplier 1692,0.9,-28.21,-27.44,LATAM,3,2681468,2024-01-11
SUP-001693,Supplier 1693,0.25,34.51,-32.99,EMEA,1,2553835,2024-10-22
SUP-001694,Supplier 1694,0.73,51.09,-99.08,EMEA,3,2142235,2026-04-16
SUP-001695,Supplier 1695,0.67,-8.01,-90.96,NA,1,2191876,2026-04-22
SUP-001696,Supplier 1696,0.52,26.92,30.29,NA,1,3986960,2026-07-11
SUP-001697,Supplier 1697,0.19,-7.97,-65.6,NA,3,2534275,2024-02-23
SUP-001698,Supplier 1698,0.79,2.2,118.89,NA,2,219630,2026-03-25
SUP-001699,Supplier 1699,0.95,8.24,-139.9,APAC,2,3706732,2024-09-09
SUP-001700,Supplier 1700,0.72,40.84,27.95,APAC,4,3092451,2024-01-06
SUP-001701,Supplier 1701,0.91,67.08,-122.38,EMEA,1,3481495,2024-03-28
SUP-001702,Supplier 1702,0.97,-2.23,10.17,NA,1,3556288,2025-12-09
SUP-001703,Supplier 1703,0.36,-15.5,18.92,NA,3,874228,2025-07-12
SUP-001704,Supplier 1704,0.64,-11.43,51.23,LATAM,2,4859864,2025-06-25
SUP-001705,Supplier 1705,0.47,-42.59,-26.13,LATAM,4,4952061,2026-04-12
SUP-001706,Supplier 1706,0.98,-21.4,3.41,NA,1,737358,2024-03-29
SUP-001707,Supplier 1707,0.1,-48.76,-114.86,EMEA,2,1102505,2024-03-19
SUP-001708,Supplier 1708,0.41,-4.37,-13.31,APAC,1,1238753,2026-05-30
SUP-001709,Supplier 1709,0.87,-38.24,-45.71,NA,1,4832587,2025-07-26
SUP-001710,Supplier 1710,0.29,-14.97,59.81,APAC,2,4662891,2026-01-02
SUP-001711,Supplier 1711,0.78,43.17,-23.46,LATAM,3,1332417,2025-05-10
SUP-001712,Supplier 1712,0.39,-28.03,100.56,APAC,1,3156837,2024-05-17
SUP-001713,Supplier 1713,0.97,19.55,-26.64,EMEA,4,1224846,2025-05-08
SUP-001714,Supplier 1714,0.88,57.15,-95.12,LATAM,3,199864,2026-06-29
SUP-001715,Supplier 1715,0.31,13.7,-81.47,APAC,2,1159303,2024-04-21
SUP-001716,Supplier 1716,0.76,-34.81,-163.7,LATAM,4,395946,2024-04-29
SUP-001717,Supplier 1717,0.34,-15.18,14.37,NA,2,4240226,2024-11-23
SUP-001718,Supplier 1718,0.6,16.75,119.12,LATAM,1,3929348,2025-03-05
SUP-001719,Supplier 1719,0.66,5.86,96.88,APAC,4,929699,2025-08-16
SUP-001720,Supplier 1720,0.82,-40.68,-22.4,LATAM,1,2841697,2024-05-30
SUP-001721,Supplier 1721,0.03,-1.92,-109.4,APAC,4,1033711,2026-05-31
SUP-001722,Supplier 1722,0.23,10.6,130.85,APAC,4,2831423,2024-05-21
SUP-001723,Supplier 1723,0.71,-25.25,-159.56,LATAM,4,4480899,2024-07-07
SUP-001724,Supplier 1724,0.56,19.62,-36.28,LATAM,2,4400529,2026-07-02
SUP-001725,Supplier 1725,0.5,-50.88,128.38,NA,3,4167021,2024-12-21
SUP-001726,Supplier 1726,0.06,-16.24,-38.46,APAC,4,1213078,2025-06-24
SUP-001727,Supplier 1727,0.35,44.56,-137.56,NA,1,961825,2025-02-14
SUP-001728,Supplier 1728,0.86,-26.29,-84.26,EMEA,2,810550,2024-09-01
SUP-001729,Supplier 1729,0.04,18.67,36.01,LATAM,2,644354,2025-04-23
SUP-001730,Supplier 1730,0.4,-6.7,-125.27,APAC,3,3072891,2026-01-02
SUP-001731,Supplier 1731,0.94,-18.86,55.78,EMEA,3,3295634,2024-01-11
SUP-001732,Supplier 1732,0.06,59.1,-22.26,NA,4,4413291,2026-04-06
SUP-001733,Supplier 1733,0.74,-15.38,-59.62,LATAM,2,460781,2024-06-23
SUP-001734,Supplier 1734,0.26,-29.23,-93.27,APAC,1,1333600,2026-05-16
SUP-001735,Supplier 1735,0.86,58.21,116.4,NA,1,3642475,2026-06-27
SUP-001736,Supplier 1736,0.74,36.97,-37.2,EMEA,4,3409658,2026-05-30
SUP-001737,Supplier 1737,0.88,28.63,85.85,NA,2,2142874,2025-09-06
SUP-001738,Supplier 1738,0.22,-53.56,-21.47,APAC,3,770371,2026-05-04
SUP-001739,Supplier 1739,0.53,-42.94,-146.93,APAC,3,2426190,2026-03-22
SUP-001740,Supplier 1740,0.77,22.98,-21.42,EMEA,4,867824,2025-08-26
SUP-001741,Supplier 1741,0.25,-32.77,2.77,EMEA,1,2682269,2026-04-22
SUP-001742,Supplier 1742,0.24,-30.67,-15.18,APAC,1,4508535,2024-11-19
SUP-001743,Supplier 1743,0.04,41.29,113.85,EMEA,3,986487,2026-02-26
SUP-001744,Supplier 1744,0.95,-22.83,147.91,EMEA,2,598645,2026-05-23
SUP-001745,Supplier 1745,0.71,-50.69,103.24,NA,4,3690777,2025-08-22
SUP-001746,Supplier 1746,0.63,-55.26,29.8,LATAM,1,131484,2024-04-25
SUP-001747,Supplier 1747,0.74,-2.39,14.92,NA,2,4917183,2024-07-21
SUP-001748,Supplier 1748,0.53,20.23,52.06,APAC,4,3876952,2024-06-08
SUP-001749,Supplier 1749,0.48,52.96,-76.38,LATAM,4,2022841,2025-05-18
SUP-001750,Supplier 1750,0.45,-45.6,112.26,APAC,1,1818922,2025-02-13
SUP-001751,Supplier 1751,0.64,-34.43,128.47,NA,4,1940436,2026-02-20
SUP-001752,Supplier 1752,0.21,8.87,-83.8,NA,1,1989326,2024-09-24
SUP-001753,Supplier 1753,0.88,-12.67,145.01,APAC,1,4199360,2024-06-05
SUP-001754,Supplier 1754,0.81,2.73,125.54,EMEA,4,4001289,2025-08-04
SUP-001755,Supplier 1755,0.35,60.14,-27.18,LATAM,1,1030869,2024-05-11
SUP-001756,Supplier 1756,0.58,10.84,147.24,EMEA,2,907879,2026-05-04
SUP-001757,Supplier 1757,0.15,-6.03,-136.64,LATAM,1,2707359,2024-03-17
SUP-001758,Supplier 1758,0.96,68.63,-169.92,APAC,3,3255131,2025-04-08
SUP-001759,Supplier 1759,0.89,-51.52,-54.77,NA,1,3638597,2026-06-14
SUP-001760,Supplier 1760,0.91,61.17,23.56,NA,2,1574506,2025-06-06
SUP-001761,Supplier 1761,0.34,5.22,-53.48,EMEA,2,2417468,2026-02-02
SUP-001762,Supplier 1762,0.18,5.49,159.14,APAC,3,530299,2025-02-03
SUP-001763,Supplier 1763,0.22,59.86,-88.3,LATAM,2,2284154,
SUP-001764,Supplier 1764,0.1,5.95,-78.76,APAC,1,3440605,2025-10-29
SUP-001765,Supplier 1765,0.13,-3.01,48.54,EMEA,2,1529028,2025-04-29
SUP-001766,Supplier 1766,0.08,-24.58,-178.61,LATAM,2,1600134,2024-04-05
SUP-001767,Supplier 1767,0.98,25.65,81.92,NA,2,2316766,2026-07-05
SUP-001768,Supplier 1768,0.08,14.05,-44.11,NA,3,4334354,2024-02-15
SUP-001769,Supplier 1769,0.14,-32.14,171.99,NA,2,3024505,2024-12-02
SUP-001770,Supplier 1770,0.82,32.22,68.91,APAC,2,4595987,2025-08-28
SUP-001771,Supplier 1771,0.58,23.73,-161.2,LATAM,4,317736,2025-12-27
SUP-001772,Supplier 1772,0.77,-8.35,-146.65,EMEA,2,4246768,2025-05-19
SUP-001773,Supplier 1773,0.63,-59.43,-148.26,APAC,2,228368,2025-01-13
SUP-001774,Supplier 1774,0.87,-1.94,162.94,LATAM,1,1618535,2025-01-19
SUP-001775,Supplier 1775,0.64,-59.21,66.26,LATAM,3,2138615,2026-07-10
SUP-001776,Supplier 1776,0.52,-50.25,-26.06,EMEA,3,1190547,2024-11-11
SUP-001777,Supplier 1777,0.71,-4.02,-107.83,EMEA,3,4946562,2026-03-17
SUP-001778,Supplier 1778,0.45,-49.35,134.51,APAC,1,4465075,2024-02-18
SUP-001779,Supplier 1779,0.35,-24.16,-107.44,APAC,2,2860491,
SUP-001780,Supplier 1780,0.47,25.21,74.4,EMEA,2,2270205,2025-10-04
SUP-001781,Supplier 1781,0.18,-19.88,94.8,APAC,4,3811174,2025-09-29
SUP-001782,Supplier 1782,0.79,69.69,-73.92,LATAM,2,3541621,
SUP-001783,Supplier 1783,0.27,59.12,1.77,EMEA,2,2408351,2025-10-14
SUP-001784,Supplier 1784,0.16,16.09,-99.72,LATAM,2,4137549,2025-02-24
SUP-001785,Supplier 1785,0.25,65.7,-43.59,APAC,4,972756,2025-07-14
SUP-001786,Supplier 1786,0.84,52.84,167.45,APAC,3,1395656,2026-04-23
SUP-001787,Supplier 1787,0.33,-18.54,69.53,LATAM,4,98028,
SUP-001788,Supplier 1788,0.68,37.45,124.78,EMEA,2,604296,2025-11-27
SUP-001789,Supplier 1789,0.85,-42.21,14.62,NA,4,1001918,2026-07-03
SUP-001790,Supplier 1790,0.09,28.99,-93.95,LATAM,4,3127889,2024-07-26
SUP-001791,Supplier 1791,0.76,3.84,76.64,EMEA,3,4279041,2025-07-09
SUP-001792,Supplier 1792,0.31,-57.81,0.2,EMEA,3,2955059,2025-09-12
SUP-001793,Supplier 1793,0.22,-24.35,-116.33,LATAM,4,2232582,2025-10-18
SUP-001794,Supplier 1794,0.69,64.2,-31.53,LATAM,4,1358298,2024-05-04
SUP-001795,Supplier 1795,0.9,-18.94,48.54,EMEA,2,516129,2025-12-18
SUP-001796,Supplier 1796,0.3,-36.41,84.72,EMEA,3,2927686,2024-07-02
SUP-001797,Supplier 1797,0.57,-35.62,-92.44,NA,2,712754,2025-01-21
SUP-001798,Supplier 1798,0.29,2.3,135.36,LATAM,1,3953882,2025-11-05
SUP-001799,Supplier 1799,0.55,49.54,-43.36,NA,2,2050216,2024-09-05
SUP-001800,Supplier 1800,0.62,38.54,-82.39,EMEA,4,1756554,2024-04-28
SUP-001801,Supplier 1801,0.61,-3.21,-109.76,APAC,4,142998,2025-09-29
SUP-001802,Supplier 1802,0.62,-32.87,109.5,APAC,4,1219165,2024-09-21
SUP-001803,Supplier 1803,0.14,-54.01,-52.5,NA,4,76637,2026-02-19
SUP-001804,Supplier 1804,0.69,0.14,-5.98,APAC,3,3627756,2026-04-27
SUP-001805,Supplier 1805,0.67,45.92,-99.78,LATAM,4,2454476,2024-11-26
SUP-001806,Supplier 1806,0.68,34.86,66.99,LATAM,1,3931501,2025-11-27
SUP-001807,Supplier 1807,0.08,-6.88,101.17,EMEA,2,2830530,
SUP-001808,Supplier 1808,0.45,17.31,-57.81,LATAM,1,4771904,2026-05-27
SUP-001809,Supplier 1809,0.41,-3.29,160.23,LATAM,4,3921092,2024-08-19
SUP-001810,Supplier 1810,0.09,15.27,-168.98,LATAM,3,746453,2026-04-12
SUP-001811,Supplier 1811,0.23,7.28,-132.14,APAC,4,591876,2026-01-12
SUP-001812,Supplier 1812,0.44,28.53,31.96,LATAM,2,4447427,2024-10-22
SUP-001813,Supplier 1813,0.74,6.0,72.51,APAC,2,1352859,2026-02-17
SUP-001814,Supplier 1814,0.24,62.28,-89.75,LATAM,3,3827843,2025-08-19
SUP-001815,Supplier 1815,0.82,-4.36,19.47,EMEA,3,3146588,2025-09-24
SUP-001816,Supplier 1816,0.54,-57.93,-65.38,EMEA,2,3512480,2024-12-23
SUP-001817,Supplier 1817,0.76,-29.27,19.47,LATAM,2,1341259,2024-08-08
SUP-001818,Supplier 1818,0.47,5.08,57.36,NA,3,1572137,2025-10-20
SUP-001819,Supplier 1819,0.5,10.27,170.21,EMEA,1,2778684,2024-02-19
SUP-001820,Supplier 1820,0.62,11.81,-15.95,EMEA,1,120742,2024-11-24
SUP-001821,Supplier 1821,0.92,32.89,53.36,NA,1,1565110,2024-05-13
SUP-001822,Supplier 1822,0.49,-24.3,28.09,APAC,1,2542676,2024-01-02
SUP-001823,Supplier 1823,0.53,26.44,-65.68,LATAM,1,1030270,2024-01-08
SUP-001824,Supplier 1824,0.6,31.52,-88.9,LATAM,1,1435989,
SUP-001825,Supplier 1825,0.73,-6.53,175.63,EMEA,1,4917844,2026-06-06
SUP-001826,Supplier 1826,0.08,-7.72,-105.53,EMEA,4,1456206,2025-12-28
SUP-001827,Supplier 1827,0.52,-36.74,104.5,APAC,1,4513066,
SUP-001828,Supplier 1828,0.48,-6.18,-127.23,NA,3,4636421,2024-03-20
SUP-001829,Supplier 1829,0.91,42.29,109.57,EMEA,1,3372700,2026-07-30
SUP-001830,Supplier 1830,0.49,58.17,-113.14,NA,4,773314,2025-07-19
SUP-001831,Supplier 1831,0.47,17.17,168.18,NA,1,1036376,2026-01-19
SUP-001832,Supplier 1832,0.95,-21.08,66.96,NA,3,4671819,2026-03-20
SUP-001833,Supplier 1833,0.45,28.7,-147.56,NA,3,17406,2024-09-04
SUP-001834,Supplier 1834,0.19,36.22,69.54,LATAM,4,2523995,2025-11-30
SUP-001835,Supplier 1835,0.22,-16.81,37.3,NA,3,2985434,2025-09-03
SUP-001836,Supplier 1836,0.1,47.45,-58.48,NA,3,4193013,2025-01-25
SUP-001837,Supplier 1837,0.01,-50.42,-86.14,NA,4,4476393,2025-04-09
SUP-001838,Supplier 1838,0.43,-58.6,78.75,APAC,4,1425101,2024-07-15
SUP-001839,Supplier 1839,0.76,-44.01,86.89,EMEA,2,2517672,2024-06-23
SUP-001840,Supplier 1840,0.73,-39.72,-62.21,EMEA,4,3173264,2026-05-20
SUP-001841,Supplier 1841,0.04,54.26,135.44,NA,4,4826255,2025-11-21
SUP-001842,Supplier 1842,0.57,-4.75,-83.22,APAC,3,2787376,2025-06-18
SUP-001843,Supplier 1843,0.16,-24.26,-154.85,LATAM,4,617823,2025-10-17
SUP-001844,Supplier 1844,0.93,-4.22,35.95,LATAM,1,4621588,2025-01-17
SUP-001845,Supplier 1845,0.17,-8.67,-141.45,LATAM,3,2567111,2024-08-23
SUP-001846,Supplier 1846,0.62,-20.81,-80.4,LATAM,3,904699,2026-06-08
SUP-001847,Supplier 1847,0.33,-42.07,2.59,LATAM,4,959475,2026-07-23
SUP-001848,Supplier 1848,0.64,25.27,-76.91,APAC,1,1030803,2024-07-21
SUP-001849,Supplier 1849,0.41,-42.24,-102.6,APAC,4,3609060,2026-01-27
SUP-001850,Supplier 1850,0.75,40.81,73.15,APAC,1,4745332,2025-02-21
SUP-001851,Supplier 1851,0.24,-33.78,16.92,APAC,2,2212402,2025-10-30
SUP-001852,Supplier 1852,0.9,35.08,122.31,EMEA,3,498843,2024-04-12
SUP-001853,Supplier 1853,0.5,44.73,29.25,LATAM,2,4443600,2025-03-28
SUP-001854,Supplier 1854,0.75,-43.71,-5.96,LATAM,4,3177065,2024-04-27
SUP-001855,Supplier 1855,0.84,-48.72,-85.95,LATAM,4,2858060,2026-02-07
SUP-001856,Supplier 1856,0.99,63.44,105.14,APAC,1,312214,2025-01-11
SUP-001857,Supplier 1857,0.23,0.2,-109.13,APAC,2,4853308,2024-09-05
SUP-001858,Supplier 1858,0.29,21.93,-92.8,EMEA,1,394184,
SUP-001859,Supplier 1859,0.26,-56.98,122.97,NA,3,3055934,2026-06-20
SUP-001860,Supplier 1860,0.27,-23.77,86.83,LATAM,4,2989772,2024-11-15
SUP-001861,Supplier 1861,0.58,5.7,40.63,EMEA,3,2574101,2025-11-08
SUP-001862,Supplier 1862,0.98,55.21,-165.99,APAC,1,2761326,2025-10-12
SUP-001863,Supplier 1863,0.98,-24.71,-134.19,EMEA,1,1995406,2025-04-07
SUP-001864,Supplier 1864,0.53,40.77,-0.02,LATAM,1,2869400,2026-01-30
SUP-001865,Supplier 1865,0.64,26.09,88.68,NA,2,1825559,2024-04-30
SUP-001866,Supplier 1866,0.85,-45.01,-12.92,NA,3,2373523,2026-04-08
SUP-001867,Supplier 1867,0.92,-21.86,-173.77,APAC,1,3393811,2025-01-16
SUP-001868,Supplier 1868,0.21,-29.08,-113.66,APAC,4,3714373,2024-02-12
SUP-001869,Supplier 1869,0.53,-2.47,31.96,APAC,2,775197,2026-07-22
SUP-001870,Supplier 1870,0.83,22.59,69.92,EMEA,3,4961020,2025-12-31
SUP-001871,Supplier 1871,0.31,-3.66,-167.97,APAC,3,492511,2026-02-09
SUP-001872,Supplier 1872,0.44,-28.21,-164.4,NA,3,1386148,2024-05-18
SUP-001873,Supplier 1873,0.98,30.46,-85.93,APAC,2,1740650,2025-12-09
SUP-001874,Supplier 1874,0.98,15.98,-149.94,NA,2,1623963,2025-10-21
SUP-001875,Supplier 1875,0.9,7.51,15.1,APAC,2,1765854,2026-05-02
SUP-001876,Supplier 1876,0.79,12.07,-135.47,NA,1,1622017,2024-12-16
SUP-001877,Supplier 1877,0.27,-31.15,53.36,LATAM,2,2185721,2026-05-25
SUP-001878,Supplier 1878,0.32,28.46,99.8,EMEA,4,3818712,2025-10-30
SUP-001879,Supplier 1879,0.55,-9.62,169.39,NA,4,4139045,2024-08-27
SUP-001880,Supplier 1880,0.56,-12.75,161.43,LATAM,4,1746597,2024-07-20
SUP-001881,Supplier 1881,0.51,-40.53,-81.59,LATAM,2,1299548,
SUP-001882,Supplier 1882,0.63,17.59,-169.41,EMEA,2,3386917,2025-08-31
SUP-001883,Supplier 1883,0.41,18.35,-61.41,EMEA,1,307255,2024-04-21
SUP-001884,Supplier 1884,0.74,-15.76,75.05,APAC,2,2234978,2024-04-28
SUP-001885,Supplier 1885,0.34,51.78,-158.47,LATAM,3,1107843,2026-02-20
SUP-001886,Supplier 1886,0.33,49.91,-50.5,EMEA,2,3042945,2024-06-09
SUP-001887,Supplier 1887,0.13,-45.82,-72.71,NA,3,400667,2024-07-25
SUP-001888,Supplier 1888,0.19,30.35,-101.04,LATAM,1,4146786,2025-08-03
SUP-001889,Supplier 1889,0.84,-8.8,74.21,NA,2,2575152,2026-03-26
SUP-001890,Supplier 1890,0.45,69.96,57.27,NA,2,2865477,2024-11-13
SUP-001891,Supplier 1891,0.23,-30.75,12.78,APAC,2,2381114,2025-09-20
SUP-001892,Supplier 1892,0.75,-23.53,147.88,APAC,1,2245492,2025-10-26
SUP-001893,Supplier 1893,0.55,-2.53,-142.87,LATAM,2,1342203,2025-07-20
SUP-001894,Supplier 1894,0.03,-25.07,-126.11,EMEA,4,3864914,2025-10-08
SUP-001895,Supplier 1895,0.32,29.96,-41.96,LATAM,4,2584363,2024-08-02
SUP-001896,Supplier 1896,0.18,2.52,56.12,APAC,2,1086720,2025-08-09
SUP-001897,Supplier 1897,0.65,-31.29,30.27,APAC,2,1319437,2024-01-04
SUP-001898,Supplier 1898,0.28,5.83,-153.34,LATAM,3,2198739,2025-11-20
SUP-001899,Supplier 1899,0.07,55.54,165.03,APAC,2,4219415,2026-01-17
SUP-001900,Supplier 1900,0.06,43.01,-70.18,LATAM,3,4807227,2026-01-19
SUP-001901,Supplier 1901,0.58,4.85,-50.77,EMEA,2,1950431,
SUP-001902,Supplier 1902,0.03,-22.5,44.51,APAC,4,1981727,2026-05-10
SUP-001903,Supplier 1903,0.84,-36.61,160.26,LATAM,3,654247,2025-02-14
SUP-001904,Supplier 1904,0.16,54.19,58.57,EMEA,4,2732958,2024-03-17
SUP-001905,Supplier 1905,0.6,32.32,163.72,NA,4,1207437,2025-05-19
SUP-001906,Supplier 1906,0.45,14.38,-112.47,EMEA,2,4099572,2025-06-23
SUP-001907,Supplier 1907,0.44,54.33,42.77,EMEA,2,2677561,2025-01-14
SUP-001908,Supplier 1908,0.08,-44.18,118.4,NA,1,1117127,2025-12-07
SUP-001909,Supplier 1909,0.8,28.72,3.25,NA,3,4582274,2025-05-28
SUP-001910,Supplier 1910,0.89,-31.83,-49.62,LATAM,3,4078993,2024-07-23
SUP-001911,Supplier 1911,0.02,-44.32,174.51,LATAM,2,1509801,2025-08-08
SUP-001912,Supplier 1912,0.19,0.53,-129.24,NA,1,609422,2024-09-05
SUP-001913,Supplier 1913,0.9,-9.64,-32.07,APAC,4,1329287,2024-04-22
SUP-001914,Supplier 1914,0.55,62.35,134.41,LATAM,1,1889702,2024-09-09
SUP-001915,Supplier 1915,0.16,-17.88,144.17,APAC,3,2038733,2026-05-04
SUP-001916,Supplier 1916,0.21,45.94,172.94,APAC,1,4113333,2025-06-24
SUP-001917,Supplier 1917,0.66,37.35,138.55,APAC,1,4839094,2024-10-26
SUP-001918,Supplier 1918,0.72,26.83,-161.66,NA,4,3738937,
SUP-001919,Supplier 1919,0.6,59.65,154.72,APAC,3,4227646,2026-03-22
SUP-001920,Supplier 1920,0.94,-6.97,-25.86,NA,1,634391,2025-09-20
SUP-001921,Supplier 1921,0.49,-9.34,54.58,APAC,1,756843,2025-12-31
SUP-001922,Supplier 1922,0.3,-39.08,-38.06,NA,2,4541585,2025-07-30
SUP-001923,Supplier 1923,0.48,-24.15,112.92,EMEA,3,3072628,2026-07-25
SUP-001924,Supplier 1924,0.36,54.37,27.33,NA,2,1186257,2025-09-12
SUP-001925,Supplier 1925,0.23,1.67,124.4,LATAM,4,3961402,2025-01-12
SUP-001926,Supplier 1926,0.06,-15.62,-110.24,APAC,3,883082,2024-08-26
SUP-001927,Supplier 1927,0.36,-31.91,-113.41,APAC,3,3842371,2024-02-13
SUP-001928,Supplier 1928,0.71,3.04,-21.46,EMEA,2,4416732,2025-12-25
SUP-001929,Supplier 1929,0.03,33.17,-178.29,LATAM,3,2449339,2026-05-30
SUP-001930,Supplier 1930,0.44,-22.73,69.43,APAC,4,3285306,2025-09-18
SUP-001931,Supplier 1931,0.64,38.5,-73.42,LATAM,1,3661838,2025-04-04
SUP-001932,Supplier 1932,0.61,21.87,20.63,APAC,3,4402957,2024-05-03
SUP-001933,Supplier 1933,0.77,42.38,-154.8,APAC,4,2922097,2025-08-30
SUP-001934,Supplier 1934,0.8,-27.38,-118.57,NA,2,1474522,2024-07-07
SUP-001935,Supplier 1935,0.71,22.03,44.23,LATAM,4,1015210,2025-08-10
SUP-001936,Supplier 1936,0.11,-40.01,-69.96,LATAM,2,1784152,2024-10-11
SUP-001937,Supplier 1937,0.48,-12.71,-102.7,EMEA,1,289707,2026-03-28
SUP-001938,Supplier 1938,0.6,34.17,-97.62,APAC,4,3496323,2026-06-02
SUP-001939,Supplier 1939,0.25,22.12,-102.67,APAC,2,1853803,2024-08-09
SUP-001940,Supplier 1940,0.05,-35.58,44.23,LATAM,4,3560705,2024-11-04
SUP-001941,Supplier 1941,0.23,51.58,-119.63,EMEA,2,319075,2026-05-20
SUP-001942,Supplier 1942,0.46,-53.06,-49.43,LATAM,2,1616131,2024-01-19
SUP-001943,Supplier 1943,0.42,17.38,67.64,LATAM,3,1981116,2025-05-02
SUP-001944,Supplier 1944,0.18,67.9,4.92,APAC,2,446856,2024-05-13
SUP-001945,Supplier 1945,0.82,9.1,35.02,EMEA,4,4146106,2025-02-12
SUP-001946,Supplier 1946,0.92,44.09,-89.67,EMEA,1,2991789,2024-01-31
SUP-001947,Supplier 1947,0.21,17.37,155.78,LATAM,1,4223027,2024-05-12
SUP-001948,Supplier 1948,0.92,41.8,-31.0,NA,1,4011248,2025-01-15
SUP-001949,Supplier 1949,0.03,25.23,-76.69,LATAM,2,180028,2024-02-26
SUP-001950,Supplier 1950,0.92,29.85,145.56,LATAM,1,4328085,2026-01-22
SUP-001951,Supplier 1951,0.94,-30.38,55.9,EMEA,2,356981,2025-06-29
SUP-001952,Supplier 1952,0.02,36.44,41.02,APAC,1,4357107,2025-03-01
SUP-001953,Supplier 1953,0.76,-29.07,139.22,LATAM,4,3352636,2025-03-21
SUP-001954,Supplier 1954,0.96,67.48,-158.93,LATAM,1,4098951,2026-03-03
SUP-001955,Supplier 1955,0.9,-30.39,121.56,NA,4,2504993,2026-03-09
SUP-001956,Supplier 1956,0.96,-29.23,64.03,EMEA,4,809165,2024-02-14
SUP-001957,Supplier 1957,0.55,51.63,-50.4,APAC,3,755298,2025-10-08
SUP-001958,Supplier 1958,0.09,-28.41,-87.71,APAC,4,602422,2025-03-19
SUP-001959,Supplier 1959,0.84,-13.08,-142.27,EMEA,4,4029592,2026-01-09
SUP-001960,Supplier 1960,0.61,32.9,158.79,APAC,4,2672550,2026-01-12
SUP-001961,Supplier 1961,0.61,-39.36,-128.91,NA,3,1090315,2025-10-30
SUP-001962,Supplier 1962,0.42,-39.32,-86.6,NA,3,633014,2025-09-28
SUP-001963,Supplier 1963,0.57,3.23,68.8,LATAM,2,399964,2024-07-19
SUP-001964,Supplier 1964,0.16,-28.32,75.65,APAC,3,1297882,2026-03-16
SUP-001965,Supplier 1965,0.73,-29.36,-122.12,NA,2,3750040,2025-10-23
SUP-001966,Supplier 1966,0.08,-58.8,113.09,EMEA,1,4463134,2024-09-15
SUP-001967,Supplier 1967,0.73,-11.84,3.7,NA,4,3044548,2024-08-07
SUP-001968,Supplier 1968,0.84,-18.63,125.44,LATAM,3,4978582,
SUP-001969,Supplier 1969,0.47,-55.95,-148.58,EMEA,3,1978269,2024-11-19
SUP-001970,Supplier 1970,0.51,20.76,-164.58,LATAM,2,1669238,2025-09-30
SUP-001971,Supplier 1971,0.32,21.47,49.32,EMEA,4,3466703,2025-01-18
SUP-001972,Supplier 1972,0.96,-50.8,-125.99,EMEA,3,682019,2024-06-08
SUP-001973,Supplier 1973,0.73,-18.78,8.98,LATAM,1,4557789,2025-01-07
SUP-001974,Supplier 1974,0.37,53.46,-174.92,EMEA,4,3902919,2026-02-09
SUP-001975,Supplier 1975,0.18,15.68,100.77,LATAM,4,180570,2026-02-23
SUP-001976,Supplier 1976,0.23,-6.44,143.83,EMEA,4,944308,
SUP-001977,Supplier 1977,0.46,0.46,122.0,LATAM,2,3142120,2026-01-21
SUP-001978,Supplier 1978,0.93,-32.92,165.01,NA,1,3695353,2024-03-29
SUP-001979,Supplier 1979,0.73,45.54,145.11,LATAM,1,1098654,2026-07-17
SUP-001980,Supplier 1980,0.22,58.82,-20.15,NA,3,3737244,2025-12-23
SUP-001981,Supplier 1981,0.85,58.39,-36.59,NA,4,2375947,2024-02-08
SUP-001982,Supplier 1982,0.38,-30.89,142.63,NA,1,3379415,2025-10-27
SUP-001983,Supplier 1983,0.84,-19.6,153.7,NA,3,2125665,2025-04-11
SUP-001984,Supplier 1984,0.25,-39.12,170.22,NA,1,2276700,2026-04-14
SUP-001985,Supplier 1985,0.62,-20.06,96.59,LATAM,4,1955998,2024-08-14
SUP-001986,Supplier 1986,0.92,-16.74,-107.28,NA,1,793165,2026-04-22
SUP-001987,Supplier 1987,0.26,22.3,160.18,NA,4,959876,2026-04-01
SUP-001988,Supplier 1988,0.69,-35.35,160.97,APAC,1,846710,2024-09-19
SUP-001989,Supplier 1989,0.98,59.52,59.81,NA,2,4015223,2025-02-12
SUP-001990,Supplier 1990,0.16,-46.6,128.62,NA,3,2122084,2025-08-28
SUP-001991,Supplier 1991,0.1,-59.11,22.02,EMEA,4,1903807,2024-08-14
SUP-001992,Supplier 1992,0.67,51.14,159.89,NA,2,4279761,2026-08-01
SUP-001993,Supplier 1993,0.34,31.49,-146.18,APAC,4,4437109,2024-06-29
SUP-001994,Supplier 1994,0.08,-13.8,131.03,NA,1,1177559,2024-08-18
SUP-001995,Supplier 1995,0.48,17.41,-160.02,LATAM,2,1779794,
SUP-001996,Supplier 1996,0.75,-30.94,-57.92,APAC,4,2064580,2025-03-22
SUP-001997,Supplier 1997,0.29,-38.11,-131.28,APAC,2,4200169,2024-02-17
SUP-001998,Supplier 1998,0.34,1.25,-7.51,NA,3,3361424,2026-05-09
SUP-001999,Supplier 1999,0.84,-14.09,-96.39,NA,2,2726886,2024-08-14
SUP-002000,Supplier 2000,0.52,19.98,162.75,NA,2,1183281,2024-04-07
SUP-002001,Supplier 2001,0.84,-31.64,21.36,APAC,4,1934269,2025-05-05
SUP-002002,Supplier 2002,0.45,26.18,143.18,LATAM,3,153945,2026-05-26
SUP-002003,Supplier 2003,0.94,39.69,-79.9,APAC,3,3523120,2024-01-03
SUP-002004,Supplier 2004,0.65,-38.34,-170.65,LATAM,3,4595091,2025-04-05
SUP-002005,Supplier 2005,0.12,-54.3,99.24,LATAM,4,3935406,2026-05-09
SUP-002006,Supplier 2006,0.88,-2.85,72.86,APAC,2,1553379,2026-04-23
SUP-002007,Supplier 2007,0.49,40.62,16.38,NA,4,2418627,2024-06-10
SUP-002008,Supplier 2008,0.15,24.6,113.52,APAC,3,4788429,2025-08-09
SUP-002009,Supplier 2009,0.16,31.24,122.43,LATAM,4,2132847,2026-02-28
SUP-002010,Supplier 2010,0.68,-7.63,31.65,NA,4,4197191,2025-09-25
SUP-002011,Supplier 2011,0.06,-29.46,167.73,NA,1,2891320,2025-09-12
SUP-002012,Supplier 2012,0.29,9.13,79.1,APAC,2,2499657,2025-12-30
SUP-002013,Supplier 2013,0.15,-33.43,63.68,NA,2,2929965,2025-03-03
SUP-002014,Supplier 2014,0.44,34.41,-49.89,NA,2,1125800,2024-03-04
SUP-002015,Supplier 2015,0.42,-34.39,-179.19,APAC,2,2133141,
SUP-002016,Supplier 2016,0.52,-22.14,-93.26,EMEA,1,1528719,2025-08-15
SUP-002017,Supplier 2017,0.28,5.85,95.01,NA,4,3790737,2026-03-14
SUP-002018,Supplier 2018,0.04,3.27,75.55,APAC,4,3065765,2026-05-22
SUP-002019,Supplier 2019,0.61,18.11,-60.83,LATAM,3,2004610,2024-11-14
SUP-002020,Supplier 2020,0.38,-3.13,45.21,NA,2,4114279,2026-06-21
SUP-002021,Supplier 2021,0.65,59.53,-109.7,NA,4,2270461,
SUP-002022,Supplier 2022,0.12,49.19,-85.09,LATAM,2,4766964,
SUP-002023,Supplier 2023,0.02,54.28,161.07,APAC,2,3030537,2024-05-09
SUP-002024,Supplier 2024,0.25,21.84,-31.25,LATAM,4,4429723,2025-09-01
SUP-002025,Supplier 2025,0.46,22.55,-91.8,APAC,4,4934376,
SUP-002026,Supplier 2026,0.4,19.2,-4.64,APAC,3,1641720,2025-08-20
SUP-002027,Supplier 2027,0.8,-3.47,-40.67,APAC,1,1310823,2026-07-24
SUP-002028,Supplier 2028,0.38,-18.13,82.63,APAC,1,4179798,2025-06-05
SUP-002029,Supplier 2029,0.53,16.96,166.36,NA,4,1167444,2024-05-04
SUP-002030,Supplier 2030,0.59,-56.68,33.03,EMEA,2,3762962,2025-07-27
SUP-002031,Supplier 2031,0.03,-59.03,32.81,EMEA,3,892667,
SUP-002032,Supplier 2032,0.51,50.71,-48.66,APAC,2,4350547,2025-07-31
SUP-002033,Supplier 2033,0.35,-53.96,23.27,EMEA,2,3450326,2024-12-25
SUP-002034,Supplier 2034,0.42,8.22,-65.04,LATAM,4,2609985,2024-02-10
SUP-002035,Supplier 2035,0.11,19.95,-179.61,LATAM,3,2250982,2025-08-24
SUP-002036,Supplier 2036,0.78,-34.24,131.79,EMEA,2,3189949,2024-03-24
SUP-002037,Supplier 2037,0.93,56.45,-25.4,NA,2,1949145,2024-11-05
SUP-002038,Supplier 2038,0.03,-35.29,-2.85,NA,1,1994997,2025-08-07
SUP-002039,Supplier 2039,0.6,54.99,-149.94,LATAM,3,1028410,2026-04-11
SUP-002040,Supplier 2040,0.76,39.19,121.36,LATAM,3,797641,2024-10-23
SUP-002041,Supplier 2041,0.29,-28.7,-118.68,LATAM,1,4456780,2024-10-08
SUP-002042,Supplier 2042,0.78,-40.4,-32.18,APAC,2,3748524,2024-10-11
SUP-002043,Supplier 2043,0.63,-18.89,122.5,EMEA,3,2221433,
SUP-002044,Supplier 2044,0.92,-8.27,-15.2,NA,1,4160304,2024-07-01
SUP-002045,Supplier 2045,0.97,-28.05,155.21,EMEA,4,3042389,2025-05-12
SUP-002046,Supplier 2046,0.05,69.86,-104.65,NA,4,2999415,2026-01-26
SUP-002047,Supplier 2047,0.45,-30.15,77.48,APAC,3,571522,2024-03-17
SUP-002048,Supplier 2048,0.55,47.98,172.08,EMEA,1,2695997,2026-06-29
SUP-002049,Supplier 2049,0.15,-39.31,17.86,LATAM,3,548781,
SUP-002050,Supplier 2050,0.34,67.43,69.19,APAC,4,3422817,2025-08-15
SUP-002051,Supplier 2051,0.98,-30.68,-38.44,APAC,1,346099,2025-08-05
SUP-002052,Supplier 2052,0.03,-5.18,90.48,APAC,4,2576073,2026-06-11
SUP-002053,Supplier 2053,0.45,12.61,147.19,APAC,4,1843056,2025-09-19
SUP-002054,Supplier 2054,0.84,-44.36,73.1,EMEA,1,662803,2026-04-14
SUP-002055,Supplier 2055,0.33,46.19,156.93,APAC,1,2369704,2024-09-26
SUP-002056,Supplier 2056,0.48,-24.29,31.91,APAC,3,1011357,2024-07-24
SUP-002057,Supplier 2057,0.97,11.41,27.77,EMEA,4,1230444,2025-08-30
SUP-002058,Supplier 2058,0.48,11.45,-70.33,EMEA,4,4450565,2024-05-24
SUP-002059,Supplier 2059,0.14,18.34,75.47,APAC,3,1754890,2024-04-14
SUP-002060,Supplier 2060,0.06,-52.79,137.5,LATAM,3,2025652,2024-07-18
SUP-002061,Supplier 2061,0.94,-38.08,52.67,LATAM,3,41237,2024-09-12
SUP-002062,Supplier 2062,0.27,-39.05,-96.11,LATAM,3,1509609,2024-03-31
SUP-002063,Supplier 2063,0.5,-20.73,15.88,NA,4,1761931,2025-11-18
SUP-002064,Supplier 2064,0.1,-41.16,92.14,EMEA,1,3598588,2025-07-04
SUP-002065,Supplier 2065,0.43,59.85,158.17,EMEA,1,604664,2024-07-08
SUP-002066,Supplier 2066,0.92,6.68,-123.63,LATAM,1,4650077,2024-09-23
SUP-002067,Supplier 2067,0.5,21.06,-134.1,EMEA,4,650638,2026-05-27
SUP-002068,Supplier 2068,0.96,-13.53,-31.34,APAC,3,3267470,
SUP-002069,Supplier 2069,0.26,-24.09,-134.78,LATAM,1,32485,2024-04-26
SUP-002070,Supplier 2070,0.5,5.41,172.95,EMEA,1,4099812,2025-08-02
SUP-002071,Supplier 2071,0.85,-21.74,-27.25,LATAM,2,3484939,2024-10-31
SUP-002072,Supplier 2072,0.45,-15.33,12.1,EMEA,1,4189414,
SUP-002073,Supplier 2073,0.28,-1.14,-98.25,NA,3,4657106,2025-07-20
SUP-002074,Supplier 2074,0.85,5.75,-18.31,EMEA,2,4171625,2026-07-18
SUP-002075,Supplier 2075,0.39,67.96,174.49,EMEA,2,3111512,2025-07-04
SUP-002076,Supplier 2076,0.53,-30.97,-4.07,LATAM,1,4193944,2026-06-18
SUP-002077,Supplier 2077,0.97,3.44,-176.82,LATAM,3,490048,2026-02-13
SUP-002078,Supplier 2078,0.19,-40.56,-92.69,LATAM,4,3229609,2026-01-05
SUP-002079,Supplier 2079,0.31,-14.5,172.24,NA,3,4948350,2026-01-16
SUP-002080,Supplier 2080,0.04,33.25,176.06,LATAM,4,1892210,2026-01-17
SUP-002081,Supplier 2081,0.39,-37.32,-104.22,EMEA,4,4878170,2024-08-29
SUP-002082,Supplier 2082,0.21,15.58,41.5,APAC,4,2538235,2026-07-11
SUP-002083,Supplier 2083,0.68,-5.83,-152.31,APAC,3,2346490,2026-05-16
SUP-002084,Supplier 2084,0.19,-53.29,27.88,NA,1,1507610,2025-07-20
SUP-002085,Supplier 2085,0.67,61.3,-134.67,NA,2,548267,2025-11-02
SUP-002086,Supplier 2086,0.27,-6.23,114.72,LATAM,2,4383039,2026-04-10
SUP-002087,Supplier 2087,0.36,41.91,158.25,NA,3,3606489,2024-05-24
SUP-002088,Supplier 2088,0.35,-5.88,-117.72,LATAM,4,2007014,2024-03-02
SUP-002089,Supplier 2089,0.71,61.86,-13.42,APAC,3,4807726,2026-07-28
SUP-002090,Supplier 2090,0.47,-22.24,-143.26,NA,2,927318,2025-06-07
SUP-002091,Supplier 2091,0.36,-6.41,-57.91,LATAM,4,3895711,2025-11-12
SUP-002092,Supplier 2092,0.85,38.65,-156.56,NA,3,2266517,2025-04-19
SUP-002093,Supplier 2093,0.57,-15.32,-84.76,LATAM,4,3124772,2025-05-03
SUP-002094,Supplier 2094,0.22,-12.63,176.48,LATAM,3,195833,2024-02-05
SUP-002095,Supplier 2095,0.89,69.33,-163.94,NA,3,3058051,2024-09-30
SUP-002096,Supplier 2096,0.35,12.23,129.23,NA,2,3399051,2024-03-23
SUP-002097,Supplier 2097,0.05,29.62,-152.12,EMEA,2,4889811,2025-02-12
SUP-002098,Supplier 2098,0.49,23.65,10.44,EMEA,2,1737132,2024-01-21
SUP-002099,Supplier 2099,0.13,47.63,-17.24,APAC,2,374865,2026-01-27
SUP-002100,Supplier 2100,0.24,52.04,155.36,LATAM,3,317756,2024-10-04
SUP-002101,Supplier 2101,0.74,13.22,-108.34,NA,2,756284,2025-11-30
SUP-002102,Supplier 2102,0.14,-21.71,-115.31,APAC,1,1504215,2024-02-20
SUP-002103,Supplier 2103,0.8,-57.04,89.54,LATAM,1,4155749,2024-02-01
SUP-002104,Supplier 2104,0.93,19.87,81.26,APAC,4,983979,2025-02-03
SUP-002105,Supplier 2105,0.6,47.31,71.71,NA,2,734114,2026-01-13
SUP-002106,Supplier 2106,0.71,-1.43,-170.59,LATAM,3,169051,2026-02-06
SUP-002107,Supplier 2107,0.71,-38.59,-86.41,EMEA,4,1922649,
SUP-002108,Supplier 2108,0.98,-22.55,122.36,NA,1,3021379,2025-08-02
SUP-002109,Supplier 2109,0.34,6.3,36.31,EMEA,4,1414681,2025-10-12
SUP-002110,Supplier 2110,0.17,48.77,36.79,EMEA,3,2482457,2025-09-28
SUP-002111,Supplier 2111,0.52,-37.67,-73.47,NA,3,1224789,2025-11-30
SUP-002112,Supplier 2112,0.53,19.58,-86.34,APAC,2,4002019,2024-01-30
SUP-002113,Supplier 2113,0.18,37.94,160.76,LATAM,3,138352,2025-02-08
SUP-002114,Supplier 2114,0.61,61.69,81.99,APAC,1,1011451,2026-03-03
SUP-002115,Supplier 2115,0.02,-44.83,-134.33,EMEA,2,2835593,2025-02-19
SUP-002116,Supplier 2116,0.92,60.43,157.57,NA,4,4213704,2024-05-18
SUP-002117,Supplier 2117,0.27,18.19,29.65,EMEA,2,2012185,
SUP-002118,Supplier 2118,0.05,39.67,-59.99,LATAM,3,357550,2024-10-12
SUP-002119,Supplier 2119,0.12,-53.01,-37.03,NA,4,2762435,2025-04-27
SUP-002120,Supplier 2120,0.25,5.8,81.15,EMEA,3,1359262,2025-05-02
SUP-002121,Supplier 2121,0.28,20.94,-44.54,EMEA,2,1529495,2025-10-19
SUP-002122,Supplier 2122,0.04,-20.11,28.35,EMEA,4,4612050,2026-05-27
SUP-002123,Supplier 2123,0.28,-3.89,75.78,APAC,4,4707889,2025-10-16
SUP-002124,Supplier 2124,0.2,12.06,-109.67,NA,3,1301340,2026-07-31
SUP-002125,Supplier 2125,0.38,11.83,159.93,EMEA,1,2960822,2024-01-18
SUP-002126,Supplier 2126,0.39,-54.56,-51.78,EMEA,2,2708774,2026-01-08
SUP-002127,Supplier 2127,0.34,-2.87,-29.03,NA,2,4806423,2025-01-28
SUP-002128,Supplier 2128,0.33,-32.2,71.47,APAC,1,4731594,2025-11-19
SUP-002129,Supplier 2129,0.1,59.17,39.16,NA,2,1756529,2024-03-21
SUP-002130,Supplier 2130,0.03,66.96,-21.56,LATAM,1,136866,2025-05-13
SUP-002131,Supplier 2131,0.21,-21.05,53.91,LATAM,3,21424,2024-01-29
SUP-002132,Supplier 2132,0.75,-37.23,145.02,EMEA,2,33183,2025-09-20
SUP-002133,Supplier 2133,0.98,-31.46,108.1,APAC,3,3908515,2024-07-23
SUP-002134,Supplier 2134,0.92,2.11,116.73,NA,2,3702094,2024-05-16
SUP-002135,Supplier 2135,0.5,53.69,-86.97,NA,3,4138620,2024-03-15
SUP-002136,Supplier 2136,0.53,5.0,-29.01,EMEA,3,706311,2024-09-11
SUP-002137,Supplier 2137,0.32,-52.8,19.37,APAC,1,302929,2026-06-25
SUP-002138,Supplier 2138,0.77,-54.81,-164.09,APAC,2,860359,2026-07-18
SUP-002139,Supplier 2139,0.76,-30.44,97.13,NA,3,3130592,2024-03-16
SUP-002140,Supplier 2140,0.84,49.56,-63.55,APAC,3,54875,2026-07-13
SUP-002141,Supplier 2141,0.89,20.79,-78.27,LATAM,1,3308479,
SUP-002142,Supplier 2142,0.44,13.18,-86.65,LATAM,4,4445637,2024-10-31
SUP-002143,Supplier 2143,0.76,-18.53,-77.98,LATAM,1,737211,2026-06-08
SUP-002144,Supplier 2144,0.8,60.83,-58.31,EMEA,4,3696909,2024-08-15
SUP-002145,Supplier 2145,0.31,-16.95,37.74,NA,3,2767097,2024-06-20
SUP-002146,Supplier 2146,0.92,48.54,30.08,NA,2,4721379,2024-08-04
SUP-002147,Supplier 2147,0.1,56.47,-87.94,NA,1,1223562,2024-05-17
SUP-002148,Supplier 2148,0.98,2.83,-105.69,EMEA,4,1142209,2025-04-02
SUP-002149,Supplier 2149,0.76,56.26,117.49,LATAM,3,92093,2024-05-12
SUP-002150,Supplier 2150,0.1,-24.02,-146.62,APAC,4,3528581,2024-07-30
SUP-002151,Supplier 2151,0.65,25.6,4.62,LATAM,4,4335886,2024-12-16
SUP-002152,Supplier 2152,0.04,-48.56,7.4,LATAM,1,103731,2025-09-04
SUP-002153,Supplier 2153,0.76,1.61,26.69,APAC,3,2463558,2026-03-20
SUP-002154,Supplier 2154,0.79,-31.75,138.83,LATAM,2,3623302,2024-03-11
SUP-002155,Supplier 2155,0.6,-51.84,44.61,LATAM,4,3910678,2025-08-18
SUP-002156,Supplier 2156,0.85,-59.52,170.51,APAC,1,4652178,2024-04-07
SUP-002157,Supplier 2157,0.11,-17.78,133.69,APAC,1,3617236,2026-07-24
SUP-002158,Supplier 2158,0.28,16.64,-102.69,LATAM,3,4603525,2024-09-18
SUP-002159,Supplier 2159,0.42,-0.82,-93.17,LATAM,3,4968589,2026-03-19
SUP-002160,Supplier 2160,0.05,-20.77,-55.88,LATAM,3,4638245,2026-01-03
SUP-002161,Supplier 2161,0.45,68.86,-39.05,NA,2,2195387,2024-11-02
SUP-002162,Supplier 2162,0.27,62.14,19.08,LATAM,2,2041102,2024-11-01
SUP-002163,Supplier 2163,0.39,-43.67,-96.3,EMEA,4,2143477,2024-10-26
SUP-002164,Supplier 2164,0.43,-6.04,-99.96,APAC,4,4754050,2025-03-20
SUP-002165,Supplier 2165,0.87,24.35,-42.7,LATAM,4,1415960,2025-02-21
SUP-002166,Supplier 2166,0.27,35.35,61.93,APAC,2,3764176,2025-09-11
SUP-002167,Supplier 2167,0.89,-12.37,67.73,APAC,4,3129484,2025-03-14
SUP-002168,Supplier 2168,0.43,37.02,171.4,EMEA,2,318022,2026-01-14
SUP-002169,Supplier 2169,0.33,-43.86,-107.13,APAC,4,2435701,2025-03-16
SUP-002170,Supplier 2170,0.5,-16.86,-38.57,LATAM,4,981697,2024-10-16
SUP-002171,Supplier 2171,0.42,33.14,167.28,LATAM,1,3646517,2024-11-04
SUP-002172,Supplier 2172,0.26,21.34,68.4,EMEA,4,2242249,2025-11-21
SUP-002173,Supplier 2173,0.5,48.84,33.22,LATAM,3,1788993,2024-05-12
SUP-002174,Supplier 2174,0.16,-53.91,14.27,LATAM,4,337471,2024-09-27
SUP-002175,Supplier 2175,0.35,-37.33,-152.82,EMEA,3,662915,2024-10-21
SUP-002176,Supplier 2176,0.56,-53.7,141.61,EMEA,1,3822508,2025-08-31
SUP-002177,Supplier 2177,0.42,-35.03,45.18,LATAM,4,4313552,2024-05-01
SUP-002178,Supplier 2178,0.82,-59.44,25.8,APAC,1,1462741,2025-03-01
SUP-002179,Supplier 2179,0.26,5.55,14.22,APAC,4,4141954,
SUP-002180,Supplier 2180,0.96,8.68,-38.91,NA,1,2764490,2026-05-24
SUP-002181,Supplier 2181,0.78,25.53,-88.32,LATAM,4,1761490,2025-02-17
SUP-002182,Supplier 2182,0.96,-9.96,91.92,LATAM,2,2262821,2026-07-16
SUP-002183,Supplier 2183,0.83,-59.58,3.44,EMEA,1,3454855,2025-07-27
SUP-002184,Supplier 2184,0.15,27.61,-167.78,APAC,1,4546439,2025-12-31
SUP-002185,Supplier 2185,0.53,-52.94,-36.33,APAC,2,2467090,2024-08-17
SUP-002186,Supplier 2186,0.18,52.6,154.3,APAC,4,1739587,2026-05-14
SUP-002187,Supplier 2187,0.81,-57.05,-45.4,LATAM,4,3807250,2024-09-01
SUP-002188,Supplier 2188,0.58,8.96,-31.24,LATAM,3,2630228,2024-05-08
SUP-002189,Supplier 2189,0.27,56.34,44.63,APAC,3,1956760,2024-03-15
SUP-002190,Supplier 2190,0.92,14.42,108.6,EMEA,2,2304287,2025-09-09
SUP-002191,Supplier 2191,0.12,19.09,60.65,NA,4,2682839,2025-08-16
SUP-002192,Supplier 2192,0.56,28.61,126.02,LATAM,2,709709,2024-07-06
SUP-002193,Supplier 2193,0.72,-44.09,-138.97,EMEA,4,298502,2026-04-09
SUP-002194,Supplier 2194,0.07,27.74,152.85,APAC,2,3327211,2024-09-18
SUP-002195,Supplier 2195,0.6,54.45,145.41,EMEA,2,882800,2025-07-29
SUP-002196,Supplier 2196,0.81,66.65,6.89,EMEA,2,2662836,2025-05-08
SUP-002197,Supplier 2197,0.08,-2.4,44.91,EMEA,3,3911010,2025-07-13
SUP-002198,Supplier 2198,0.51,-15.21,-103.39,APAC,3,1082748,2025-12-01
SUP-002199,Supplier 2199,0.26,37.93,-18.74,NA,4,1914011,2026-05-25
SUP-002200,Supplier 2200,0.66,10.57,-107.03,APAC,1,4891697,2025-11-12
SUP-002201,Supplier 2201,0.13,-26.55,-172.09,NA,1,185176,2026-05-06
SUP-002202,Supplier 2202,0.93,-37.62,173.13,EMEA,4,3781059,2026-03-31
SUP-002203,Supplier 2203,0.89,-37.87,-86.71,EMEA,4,846505,2024-12-04
SUP-002204,Supplier 2204,0.19,-0.31,33.52,EMEA,1,4529309,2025-06-11
SUP-002205,Supplier 2205,0.33,-37.88,-71.91,NA,4,2063874,2024-07-05
SUP-002206,Supplier 2206,0.59,-57.44,-46.58,EMEA,2,43851,2026-05-24
SUP-002207,Supplier 2207,0.71,-53.23,-36.81,EMEA,4,3592386,2026-07-01
SUP-002208,Supplier 2208,0.44,60.88,-59.38,EMEA,4,744778,2026-04-18
SUP-002209,Supplier 2209,0.16,-50.52,49.46,EMEA,3,1823790,2025-12-01
SUP-002210,Supplier 2210,0.11,-50.49,165.94,LATAM,1,2516635,2026-03-12
SUP-002211,Supplier 2211,0.99,-1.35,-25.69,APAC,4,3728476,2026-01-19
SUP-002212,Supplier 2212,0.46,-28.14,170.4,NA,1,2100493,2024-08-04
SUP-002213,Supplier 2213,0.87,65.15,60.41,EMEA,2,4291722,2024-09-06
SUP-002214,Supplier 2214,0.48,58.43,38.57,NA,3,2413708,2025-05-16
SUP-002215,Supplier 2215,0.91,-7.38,-94.64,APAC,1,1712271,2025-01-31
SUP-002216,Supplier 2216,0.1,-1.66,-157.35,EMEA,2,1692069,2025-11-26
SUP-002217,Supplier 2217,0.12,-11.24,126.7,NA,4,4003874,2025-11-25
SUP-002218,Supplier 2218,0.92,-55.08,26.63,EMEA,1,3327680,2026-07-10
SUP-002219,Supplier 2219,0.94,-21.93,-30.81,NA,2,643134,2026-01-14
SUP-002220,Supplier 2220,0.32,-44.05,112.31,NA,1,3754366,2024-01-11
SUP-002221,Supplier 2221,0.36,-46.69,-68.19,NA,3,2082264,2024-11-17
SUP-002222,Supplier 2222,0.45,12.91,102.1,NA,1,1750673,2024-11-04
SUP-002223,Supplier 2223,0.42,-47.16,-61.93,NA,2,496836,2025-08-21
SUP-002224,Supplier 2224,0.2,-46.62,151.52,NA,3,4991099,2024-11-19
SUP-002225,Supplier 2225,0.89,2.47,-83.53,EMEA,1,272114,2026-07-12
SUP-002226,Supplier 2226,0.26,-2.5,-130.48,NA,1,4983240,2024-09-29
SUP-002227,Supplier 2227,0.7,-42.11,71.31,NA,4,331991,2025-02-17
SUP-002228,Supplier 2228,0.08,-59.42,-121.37,EMEA,4,2531621,2026-02-10
SUP-002229,Supplier 2229,0.05,-34.91,161.77,NA,1,532712,2024-12-12
SUP-002230,Supplier 2230,0.65,-29.33,56.0,APAC,4,2469239,2024-02-12
SUP-002231,Supplier 2231,0.34,44.03,-96.89,APAC,2,4180272,2024-11-09
SUP-002232,Supplier 2232,0.65,59.01,-104.83,NA,1,2954337,2024-12-05
SUP-002233,Supplier 2233,0.1,-7.23,152.6,LATAM,4,2722948,2025-07-31
SUP-002234,Supplier 2234,0.94,-7.35,38.83,EMEA,2,603650,2025-11-02
SUP-002235,Supplier 2235,0.74,32.62,141.74,APAC,2,4737467,2025-06-01
SUP-002236,Supplier 2236,0.87,21.5,-140.32,LATAM,1,1883205,2025-01-18
SUP-002237,Supplier 2237,0.14,-36.06,153.14,NA,4,2694621,2025-04-19
SUP-002238,Supplier 2238,0.32,-46.0,7.22,NA,2,4489520,2024-05-15
SUP-002239,Supplier 2239,0.37,-3.11,60.63,NA,3,3147269,
SUP-002240,Supplier 2240,0.54,13.43,-45.76,NA,1,3677413,2025-07-30
SUP-002241,Supplier 2241,0.3,-41.97,-158.71,APAC,4,930574,2026-03-27
SUP-002242,Supplier 2242,0.07,-21.87,164.87,APAC,4,2305793,2025-05-08
SUP-002243,Supplier 2243,0.37,-20.23,178.06,LATAM,3,2707499,2024-02-26
SUP-002244,Supplier 2244,0.26,-26.03,-48.76,APAC,2,886906,2026-07-15
SUP-002245,Supplier 2245,0.39,-0.1,159.79,NA,3,1932659,2024-11-01
SUP-002246,Supplier 2246,0.2,24.9,-119.62,APAC,2,4158989,2025-12-07
SUP-002247,Supplier 2247,0.27,6.22,-124.31,APAC,4,4657862,2026-04-27
SUP-002248,Supplier 2248,0.62,-33.81,-153.68,APAC,3,4118546,2026-07-19
SUP-002249,Supplier 2249,0.39,-46.62,-39.14,NA,1,4670266,2024-04-19
SUP-002250,Supplier 2250,0.35,46.84,-161.17,APAC,4,4992524,2024-06-24
SUP-002251,Supplier 2251,0.53,2.31,-37.92,APAC,1,1000508,2025-09-01
SUP-002252,Supplier 2252,0.77,-51.92,-130.18,NA,2,4278983,2025-12-19
SUP-002253,Supplier 2253,0.38,-26.44,82.99,NA,2,3104453,2026-02-27
SUP-002254,Supplier 2254,0.59,44.52,120.01,APAC,1,4295862,2025-06-04
SUP-002255,Supplier 2255,0.96,37.72,67.61,APAC,4,3194497,2024-05-29
SUP-002256,Supplier 2256,0.52,53.86,-107.82,EMEA,4,633491,2025-11-03
SUP-002257,Supplier 2257,0.9,18.27,96.07,LATAM,1,2817050,2025-09-22
SUP-002258,Supplier 2258,0.79,-5.02,-90.18,APAC,2,3804378,2025-03-17
SUP-002259,Supplier 2259,0.07,-4.54,93.42,NA,2,630405,2025-08-24
SUP-002260,Supplier 2260,0.43,-34.78,24.26,NA,3,2527527,2024-07-19
SUP-002261,Supplier 2261,0.69,24.6,-47.98,EMEA,3,3273536,2026-02-04
SUP-002262,Supplier 2262,0.98,16.06,-149.94,EMEA,3,2326766,2024-02-13
SUP-002263,Supplier 2263,0.46,-39.87,117.9,EMEA,1,3997435,2026-03-03
SUP-002264,Supplier 2264,0.1,55.14,158.28,APAC,3,643645,2026-03-02
SUP-002265,Supplier 2265,0.56,-12.1,59.73,NA,1,1732677,2025-10-10
SUP-002266,Supplier 2266,0.13,-53.53,167.23,NA,1,4756962,
SUP-002267,Supplier 2267,0.75,-17.38,156.28,LATAM,4,2577612,2026-05-11
SUP-002268,Supplier 2268,0.51,53.08,-109.94,EMEA,1,913146,2024-06-02
SUP-002269,Supplier 2269,0.72,59.2,83.24,NA,1,590476,2025-05-29
SUP-002270,Supplier 2270,0.86,3.75,-54.25,LATAM,2,2969885,
SUP-002271,Supplier 2271,0.63,64.32,-4.49,NA,3,4654136,2026-06-08
SUP-002272,Supplier 2272,0.61,53.78,-123.49,APAC,3,255331,2025-11-27
SUP-002273,Supplier 2273,0.75,47.28,170.92,NA,1,556593,2025-07-15
SUP-002274,Supplier 2274,0.84,51.76,81.41,LATAM,4,1882370,2025-06-10
SUP-002275,Supplier 2275,0.86,-10.36,-83.91,NA,2,1049801,2024-05-15
SUP-002276,Supplier 2276,0.05,38.34,-46.27,LATAM,3,614178,2024-10-26
SUP-002277,Supplier 2277,0.56,15.05,-27.91,LATAM,1,1499407,2025-02-12
SUP-002278,Supplier 2278,0.22,33.56,89.11,NA,4,3217581,2026-04-11
SUP-002279,Supplier 2279,0.85,-36.89,153.25,EMEA,2,4130693,
SUP-002280,Supplier 2280,0.65,35.08,-64.28,APAC,4,1538889,2025-08-29
SUP-002281,Supplier 2281,0.42,64.49,-9.9,EMEA,2,3506273,2024-04-10
SUP-002282,Supplier 2282,0.19,-20.65,33.55,APAC,3,4117494,2025-11-10
SUP-002283,Supplier 2283,0.34,68.2,-38.4,NA,3,45002,
SUP-002284,Supplier 2284,0.7,-10.81,1.51,EMEA,1,4265623,2025-09-07
SUP-002285,Supplier 2285,0.21,-34.04,-141.95,LATAM,1,925972,2025-02-12
SUP-002286,Supplier 2286,0.1,-45.4,-119.64,NA,2,3428420,2025-11-11
SUP-002287,Supplier 2287,0.88,42.05,-35.6,EMEA,1,3753254,2024-07-24
SUP-002288,Supplier 2288,0.76,12.13,149.38,APAC,3,4228024,2024-05-16
SUP-002289,Supplier 2289,0.21,-20.07,-54.23,LATAM,1,2025134,2024-07-26
SUP-002290,Supplier 2290,0.3,19.1,-90.07,LATAM,3,3300986,2026-05-20
SUP-002291,Supplier 2291,0.96,-16.83,87.43,APAC,1,140805,2024-03-12
SUP-002292,Supplier 2292,0.7,-1.71,161.69,EMEA,1,2240119,2024-09-26
SUP-002293,Supplier 2293,0.61,52.15,-14.72,EMEA,2,4819945,2024-11-19
SUP-002294,Supplier 2294,0.31,26.86,-176.9,APAC,3,801063,
SUP-002295,Supplier 2295,0.3,39.11,67.73,APAC,2,764652,2024-12-05
SUP-002296,Supplier 2296,0.05,15.85,-30.58,APAC,2,3503642,2026-04-23
SUP-002297,Supplier 2297,0.72,68.88,62.51,NA,2,2557228,2026-07-21
SUP-002298,Supplier 2298,0.05,-28.62,-80.02,NA,2,2280177,2025-09-06
SUP-002299,Supplier 2299,0.01,-25.9,-179.13,LATAM,2,1249097,
SUP-002300,Supplier 2300,0.72,-47.97,-55.98,LATAM,4,864642,2025-07-18
SUP-002301,Supplier 2301,0.94,12.02,73.73,APAC,3,3689971,2025-09-23
SUP-002302,Supplier 2302,0.75,19.74,-38.48,NA,2,1795219,2024-04-12
SUP-002303,Supplier 2303,0.47,34.38,-101.1,EMEA,3,3885863,2026-02-25
SUP-002304,Supplier 2304,0.49,-16.39,-12.96,EMEA,3,2222261,2025-02-15
SUP-002305,Supplier 2305,0.44,-58.41,90.85,NA,4,1992129,2026-03-09
SUP-002306,Supplier 2306,0.33,22.19,-137.0,APAC,3,1158308,2025-07-31
SUP-002307,Supplier 2307,0.52,69.83,69.03,APAC,1,3295663,2026-03-23
SUP-002308,Supplier 2308,0.43,-21.71,60.24,NA,3,1430384,2024-03-18
SUP-002309,Supplier 2309,0.6,-36.09,-46.53,NA,4,4546277,2024-02-10
SUP-002310,Supplier 2310,0.89,-23.37,169.32,NA,1,2047582,2024-04-15
SUP-002311,Supplier 2311,0.99,-4.7,142.09,APAC,1,4075897,2026-04-05
SUP-002312,Supplier 2312,0.09,-27.38,-66.18,NA,3,2355056,2026-07-26
SUP-002313,Supplier 2313,0.39,-14.9,-168.81,NA,4,2080339,2026-07-31
SUP-002314,Supplier 2314,0.19,22.97,-69.01,NA,2,2271435,2024-11-09
SUP-002315,Supplier 2315,0.36,-15.15,-106.3,APAC,3,2212965,2024-09-06
SUP-002316,Supplier 2316,0.29,-8.51,17.01,EMEA,3,2400110,2024-11-26
SUP-002317,Supplier 2317,0.18,-54.8,150.75,NA,3,4435522,2026-02-10
SUP-002318,Supplier 2318,0.76,59.33,133.32,NA,1,3518358,2024-08-25
SUP-002319,Supplier 2319,0.5,-7.1,-69.9,EMEA,2,181520,2025-05-31
SUP-002320,Supplier 2320,0.91,-17.34,-25.7,LATAM,4,300536,
SUP-002321,Supplier 2321,0.04,-48.76,-166.84,APAC,4,123829,2024-12-07
SUP-002322,Supplier 2322,0.08,22.44,15.9,APAC,4,3457688,2025-03-22
SUP-002323,Supplier 2323,0.41,52.3,-157.19,APAC,1,1036918,2025-09-19
SUP-002324,Supplier 2324,0.09,-54.65,157.9,LATAM,2,1932562,2026-01-16
SUP-002325,Supplier 2325,0.27,-41.11,132.1,NA,1,4139832,2024-06-28
SUP-002326,Supplier 2326,0.98,-40.97,-102.89,NA,2,667631,2025-04-28
SUP-002327,Supplier 2327,0.21,18.3,71.77,LATAM,4,774533,2024-05-25
SUP-002328,Supplier 2328,0.2,59.76,24.49,LATAM,2,406405,2024-01-15
SUP-002329,Supplier 2329,0.57,-3.09,108.49,APAC,1,1433543,2025-09-01
SUP-002330,Supplier 2330,0.5,-15.31,-8.77,APAC,3,457167,2025-03-31
SUP-002331,Supplier 2331,0.58,39.56,-110.96,EMEA,4,3149052,2024-09-01
SUP-002332,Supplier 2332,0.38,36.53,50.34,EMEA,3,3686485,2024-02-22
SUP-002333,Supplier 2333,0.82,-27.92,-151.1,EMEA,4,929371,2026-06-11
SUP-002334,Supplier 2334,0.15,-39.09,30.45,EMEA,3,2626377,
SUP-002335,Supplier 2335,0.43,-13.48,-103.43,NA,3,1522550,2026-06-01
SUP-002336,Supplier 2336,0.69,40.83,66.58,EMEA,4,410611,2024-04-17
SUP-002337,Supplier 2337,0.86,30.36,118.1,EMEA,2,2339894,2024-01-14
SUP-002338,Supplier 2338,0.37,26.56,-140.57,EMEA,2,3489419,2024-07-23
SUP-002339,Supplier 2339,0.57,47.83,-35.9,APAC,3,1148265,2024-04-04
SUP-002340,Supplier 2340,0.08,-23.97,84.07,APAC,3,3942628,2025-03-10
SUP-002341,Supplier 2341,0.18,-15.84,-121.07,NA,2,4962144,2025-09-01
SUP-002342,Supplier 2342,0.08,-54.5,23.95,LATAM,2,290912,2024-07-03
SUP-002343,Supplier 2343,0.72,52.94,61.86,EMEA,1,825595,2025-01-09
SUP-002344,Supplier 2344,0.29,15.72,-52.27,NA,3,1454146,
SUP-002345,Supplier 2345,0.72,-21.24,119.51,EMEA,1,4251186,2024-10-26
SUP-002346,Supplier 2346,0.08,-50.98,3.84,EMEA,2,719127,2025-03-10
SUP-002347,Supplier 2347,0.86,34.04,45.72,EMEA,2,2355798,2025-07-11
SUP-002348,Supplier 2348,0.83,37.34,-129.29,APAC,4,2691565,2026-06-18
SUP-002349,Supplier 2349,0.1,26.6,-171.66,APAC,2,654327,
SUP-002350,Supplier 2350,0.03,-33.51,-161.73,APAC,1,219581,2024-03-24
SUP-002351,Supplier 2351,0.07,58.72,145.41,LATAM,3,601245,2026-03-30
SUP-002352,Supplier 2352,0.85,37.91,137.75,LATAM,1,290472,2025-06-28
SUP-002353,Supplier 2353,0.24,25.51,110.73,NA,2,2506477,2025-03-21
SUP-002354,Supplier 2354,0.55,24.62,-108.14,APAC,2,4683486,2025-11-11
SUP-002355,Supplier 2355,0.43,57.57,9.17,LATAM,1,1774065,2026-07-15
SUP-002356,Supplier 2356,0.79,60.68,106.6,LATAM,4,1291023,2024-04-30
SUP-002357,Supplier 2357,0.49,17.43,62.88,NA,2,1180665,2026-03-23
SUP-002358,Supplier 2358,0.5,-5.83,-138.41,NA,3,4906935,2025-08-23
SUP-002359,Supplier 2359,0.98,-12.71,142.39,LATAM,4,4795106,2025-07-06
SUP-002360,Supplier 2360,0.16,46.48,-122.15,LATAM,2,3246101,2026-03-26
SUP-002361,Supplier 2361,0.82,23.8,-118.15,LATAM,4,2322264,
SUP-002362,Supplier 2362,0.06,-49.96,144.36,EMEA,2,807464,2026-01-13
SUP-002363,Supplier 2363,0.48,-41.52,-5.54,NA,4,4644766,2025-06-22
SUP-002364,Supplier 2364,0.88,57.02,-45.76,LATAM,2,16765,2026-06-01
SUP-002365,Supplier 2365,0.66,54.98,19.32,EMEA,1,828358,
SUP-002366,Supplier 2366,0.68,63.74,173.3,APAC,4,3396415,2025-11-11
SUP-002367,Supplier 2367,0.27,-4.38,-136.93,NA,4,925495,
SUP-002368,Supplier 2368,0.42,41.93,92.5,APAC,4,550044,2025-01-06
SUP-002369,Supplier 2369,0.37,47.67,-59.64,NA,1,2984178,2024-12-20
SUP-002370,Supplier 2370,0.52,-18.96,-137.86,APAC,4,140924,2026-05-18
SUP-002371,Supplier 2371,0.46,-41.11,-28.1,LATAM,2,1356679,2026-03-01
SUP-002372,Supplier 2372,0.33,69.61,17.55,APAC,4,3217242,2024-07-31
SUP-002373,Supplier 2373,0.31,-56.07,-105.85,LATAM,4,932839,2026-03-28
SUP-002374,Supplier 2374,0.26,17.65,-34.1,LATAM,1,3799040,2025-07-05
SUP-002375,Supplier 2375,0.37,24.53,48.84,EMEA,2,482480,2024-04-08
SUP-002376,Supplier 2376,0.16,28.63,27.52,NA,2,3070204,2025-12-23
SUP-002377,Supplier 2377,0.86,-26.77,80.34,NA,2,390590,2024-06-02
SUP-002378,Supplier 2378,0.6,33.81,121.11,APAC,3,3661630,2026-04-03
SUP-002379,Supplier 2379,0.14,-31.87,-32.71,LATAM,2,3768310,2025-03-05
SUP-002380,Supplier 2380,0.69,47.77,-27.73,APAC,3,3976167,2026-05-15
SUP-002381,Supplier 2381,0.84,-31.51,-1.19,APAC,3,1417994,2025-04-01
SUP-002382,Supplier 2382,0.24,30.57,23.89,EMEA,1,1189148,2024-03-21
SUP-002383,Supplier 2383,0.16,41.84,-141.0,LATAM,1,4892311,2025-12-24
SUP-002384,Supplier 2384,0.02,-35.44,-67.45,APAC,3,3650146,2025-11-16
SUP-002385,Supplier 2385,0.06,-29.06,-118.12,LATAM,1,923774,
SUP-002386,Supplier 2386,0.76,41.28,-41.09,NA,1,155630,2024-07-11
SUP-002387,Supplier 2387,0.98,-48.82,170.41,APAC,3,1778688,2026-03-26
SUP-002388,Supplier 2388,0.05,-35.2,29.78,NA,2,3329002,2026-01-05
SUP-002389,Supplier 2389,0.74,-0.78,-25.42,EMEA,1,1880794,2024-10-08
SUP-002390,Supplier 2390,0.08,60.92,23.74,APAC,2,4040676,2025-10-23
SUP-002391,Supplier 2391,0.59,13.04,60.87,NA,3,2505762,2024-08-15
SUP-002392,Supplier 2392,0.75,-9.6,-23.42,EMEA,4,4956555,2024-06-20
SUP-002393,Supplier 2393,0.36,67.19,-18.82,NA,4,4354472,
SUP-002394,Supplier 2394,0.02,0.28,72.5,APAC,3,2361476,2026-02-25
SUP-002395,Supplier 2395,0.59,-3.61,-158.09,NA,4,4175503,2026-05-17
SUP-002396,Supplier 2396,0.98,-6.49,14.43,LATAM,3,2246300,
SUP-002397,Supplier 2397,0.26,-19.42,17.04,EMEA,2,59682,2024-05-15
SUP-002398,Supplier 2398,0.2,-17.66,92.43,LATAM,4,1547061,2025-05-28
SUP-002399,Supplier 2399,0.13,29.42,173.75,APAC,2,2052182,2025-10-04
SUP-002400,Supplier 2400,0.55,-54.69,106.47,EMEA,4,4882474,2026-07-06
SUP-002401,Supplier 2401,0.59,28.64,1.36,EMEA,4,4141404,2024-04-15
SUP-002402,Supplier 2402,0.79,-33.84,-119.0,LATAM,2,741600,2025-09-11
SUP-002403,Supplier 2403,0.75,-10.05,31.77,EMEA,3,10987,2025-04-28
SUP-002404,Supplier 2404,0.88,-40.95,120.35,EMEA,4,2648650,2025-07-09
SUP-002405,Supplier 2405,0.8,11.86,155.67,APAC,4,2672861,2024-03-28
SUP-002406,Supplier 2406,0.25,34.82,117.11,NA,1,3679558,2024-01-16
SUP-002407,Supplier 2407,0.55,-13.89,-111.97,LATAM,4,1304783,2025-07-26
SUP-002408,Supplier 2408,0.3,-38.76,76.53,NA,3,4062816,2024-07-07
SUP-002409,Supplier 2409,0.33,-30.55,136.86,LATAM,1,2069715,2025-08-02
SUP-002410,Supplier 2410,0.92,46.35,65.17,LATAM,1,1679532,2024-01-26
SUP-002411,Supplier 2411,0.68,-25.21,66.87,APAC,3,2107320,2026-01-26
SUP-002412,Supplier 2412,0.97,40.71,0.06,LATAM,2,4723032,
SUP-002413,Supplier 2413,0.42,-16.94,49.31,APAC,1,1964854,2025-03-01
SUP-002414,Supplier 2414,0.54,-35.46,-74.02,LATAM,3,2807285,2024-11-21
SUP-002415,Supplier 2415,0.49,34.55,-148.03,NA,3,4460831,2025-01-29
SUP-002416,Supplier 2416,0.12,0.91,117.98,APAC,1,101234,2025-05-15
SUP-002417,Supplier 2417,0.24,-55.93,159.53,EMEA,2,2686953,2025-09-01
SUP-002418,Supplier 2418,0.53,64.79,128.46,NA,2,3544609,
SUP-002419,Supplier 2419,0.08,-40.79,-59.79,APAC,4,4519696,2026-07-23
SUP-002420,Supplier 2420,0.92,-14.06,-146.33,NA,3,316953,2024-06-18
SUP-002421,Supplier 2421,0.13,-9.98,-79.15,EMEA,1,3636444,2026-04-02
SUP-002422,Supplier 2422,0.2,3.63,123.42,APAC,3,4014741,2025-07-21
SUP-002423,Supplier 2423,0.76,42.11,56.09,NA,4,1762089,
SUP-002424,Supplier 2424,0.1,-59.21,168.01,NA,1,3733139,2026-05-15
SUP-002425,Supplier 2425,0.89,61.22,-56.63,EMEA,4,2472882,2025-10-29
SUP-002426,Supplier 2426,0.72,23.98,18.53,APAC,1,3293891,2024-06-23
SUP-002427,Supplier 2427,0.08,63.58,104.41,APAC,3,1955394,
SUP-002428,Supplier 2428,0.69,46.26,-95.76,LATAM,2,894163,2025-09-14
SUP-002429,Supplier 2429,0.63,60.62,167.07,APAC,3,4144585,2025-11-19
SUP-002430,Supplier 2430,0.75,18.13,33.26,LATAM,4,1090067,2024-02-13
SUP-002431,Supplier 2431,0.82,-13.55,-177.16,NA,4,946113,2025-08-15
SUP-002432,Supplier 2432,0.71,-2.42,-170.94,LATAM,4,4431564,2025-05-16
SUP-002433,Supplier 2433,0.58,25.54,137.6,APAC,4,4682697,2026-07-04
SUP-002434,Supplier 2434,0.33,-4.5,52.3,LATAM,2,3050506,2025-12-01
SUP-002435,Supplier 2435,0.69,35.12,94.71,LATAM,2,2906318,2026-05-08
SUP-002436,Supplier 2436,0.95,-48.06,102.25,APAC,3,1810362,2024-02-02
SUP-002437,Supplier 2437,0.59,47.9,-28.63,NA,1,3062672,2025-12-22
SUP-002438,Supplier 2438,0.66,-33.46,107.5,APAC,3,3050022,2024-11-10
SUP-002439,Supplier 2439,0.44,62.71,157.51,APAC,3,2588838,2025-06-06
SUP-002440,Supplier 2440,0.75,-39.78,-118.02,LATAM,4,3279128,2026-04-08
SUP-002441,Supplier 2441,0.99,-43.21,95.09,NA,1,2776937,2026-04-01
SUP-002442,Supplier 2442,0.17,45.54,-69.19,EMEA,1,4397329,2024-07-31
SUP-002443,Supplier 2443,0.21,46.43,-64.26,NA,1,3341700,2024-08-14
SUP-002444,Supplier 2444,0.54,36.04,-31.41,LATAM,3,1932196,2025-11-13
SUP-002445,Supplier 2445,0.48,64.87,130.94,LATAM,3,3278625,2026-04-08
SUP-002446,Supplier 2446,0.57,-24.83,-172.06,LATAM,3,1158210,2025-07-31
SUP-002447,Supplier 2447,0.06,47.46,-23.79,EMEA,1,1078593,2024-02-21
SUP-002448,Supplier 2448,0.41,-14.23,64.82,LATAM,2,4135892,2024-06-03
SUP-002449,Supplier 2449,0.58,9.86,-140.25,LATAM,2,2916376,2025-12-08
SUP-002450,Supplier 2450,0.58,-2.07,105.21,LATAM,1,278184,2025-12-01
SUP-002451,Supplier 2451,0.65,-59.24,159.08,NA,4,1779585,
SUP-002452,Supplier 2452,0.72,14.68,-147.26,LATAM,1,4921376,2025-05-17
SUP-002453,Supplier 2453,0.64,37.18,-124.94,EMEA,3,3188781,2025-02-07
SUP-002454,Supplier 2454,0.78,-37.31,170.68,LATAM,2,4344304,2024-04-15
SUP-002455,Supplier 2455,0.62,61.12,-108.77,LATAM,4,2743694,2026-01-08
SUP-002456,Supplier 2456,0.54,8.95,-151.58,APAC,3,222591,2026-06-15
SUP-002457,Supplier 2457,0.6,-36.83,162.79,NA,2,906602,2024-02-12
SUP-002458,Supplier 2458,0.11,23.97,141.34,APAC,3,469682,2025-04-09
SUP-002459,Supplier 2459,0.28,-35.05,56.06,APAC,1,3676322,2024-12-01
SUP-002460,Supplier 2460,0.53,-51.74,18.52,NA,1,3785556,2025-12-04
SUP-002461,Supplier 2461,0.87,29.09,150.92,NA,2,2290497,2025-12-21
SUP-002462,Supplier 2462,0.68,-45.61,55.99,LATAM,4,3624918,2024-07-24
SUP-002463,Supplier 2463,0.1,-46.19,57.02,EMEA,4,2761693,2026-06-17
SUP-002464,Supplier 2464,0.59,36.19,123.73,EMEA,2,3701687,2024-05-09
SUP-002465,Supplier 2465,0.23,-52.82,55.17,NA,2,3366487,2026-01-07
SUP-002466,Supplier 2466,0.73,45.27,1.32,NA,4,2283491,2025-11-30
SUP-002467,Supplier 2467,0.82,43.5,-39.7,LATAM,3,3267830,2024-06-02
SUP-002468,Supplier 2468,0.59,-41.62,1.13,NA,1,1599860,2025-09-28
SUP-002469,Supplier 2469,0.59,7.39,8.09,EMEA,1,3747154,2024-09-12
SUP-002470,Supplier 2470,0.34,-47.44,-50.1,EMEA,4,4569144,2024-09-15
SUP-002471,Supplier 2471,0.45,22.23,-18.68,LATAM,4,1041691,2024-03-22
SUP-002472,Supplier 2472,0.86,-51.82,108.67,APAC,4,3338529,2025-12-05
SUP-002473,Supplier 2473,0.72,62.78,-30.06,LATAM,1,560852,2026-02-01
SUP-002474,Supplier 2474,0.52,-33.0,-170.8,EMEA,4,1893721,2025-04-21
SUP-002475,Supplier 2475,0.37,28.78,-78.11,APAC,1,3349206,2026-01-02
SUP-002476,Supplier 2476,0.06,-43.32,-96.57,APAC,4,1394271,2024-11-25
SUP-002477,Supplier 2477,0.15,-32.75,105.69,LATAM,4,1187564,2025-06-17
SUP-002478,Supplier 2478,0.2,-1.38,-18.25,NA,2,1925583,2026-01-12
SUP-002479,Supplier 2479,0.38,14.5,-79.09,LATAM,1,581878,2025-02-10
SUP-002480,Supplier 2480,0.94,69.85,111.85,NA,3,3130958,2025-08-05
SUP-002481,Supplier 2481,0.51,-56.63,-173.08,EMEA,1,664875,2024-05-16
SUP-002482,Supplier 2482,0.24,-59.96,-117.27,NA,3,1672474,2025-04-23
SUP-002483,Supplier 2483,0.11,-14.45,117.7,NA,2,1570872,2026-03-14
SUP-002484,Supplier 2484,0.34,-12.4,18.23,APAC,2,4839764,2025-12-30
SUP-002485,Supplier 2485,0.81,54.9,98.51,APAC,4,4959017,
SUP-002486,Supplier 2486,0.39,58.64,121.74,APAC,4,405737,2025-05-29
SUP-002487,Supplier 2487,0.77,54.47,159.11,EMEA,2,794729,2025-08-07
SUP-002488,Supplier 2488,0.8,-41.39,-157.17,NA,2,3663609,2026-06-04
SUP-002489,Supplier 2489,0.12,-6.43,107.72,APAC,4,1499697,2026-02-21
SUP-002490,Supplier 2490,0.61,36.97,75.16,NA,2,3224064,2026-02-11
SUP-002491,Supplier 2491,0.95,-19.36,-105.47,LATAM,1,4604463,2025-12-11
SUP-002492,Supplier 2492,0.4,26.22,155.41,EMEA,4,822624,2024-12-04
SUP-002493,Supplier 2493,0.06,-29.17,-34.49,EMEA,4,4816907,2024-12-21
SUP-002494,Supplier 2494,0.91,-17.96,139.54,APAC,2,271910,2025-03-14
SUP-002495,Supplier 2495,0.88,51.86,37.84,EMEA,1,1151928,2025-02-06
SUP-002496,Supplier 2496,0.52,-27.43,9.63,NA,1,2542774,2026-06-22
SUP-002497,Supplier 2497,0.55,65.36,-122.57,EMEA,3,4403458,2026-04-06
SUP-002498,Supplier 2498,0.22,-20.19,149.16,APAC,2,2773891,2026-04-25
SUP-002499,Supplier 2499,0.81,-56.94,20.4,LATAM,3,703200,2025-07-27
SUP-002500,Supplier 2500,0.5,-26.86,-177.81,EMEA,4,1252110,2024-06-29
SUP-002501,Supplier 2501,0.04,-37.74,-173.42,APAC,1,3810066,2024-05-15
SUP-002502,Supplier 2502,0.68,5.89,99.95,EMEA,4,2812259,2024-09-15
SUP-002503,Supplier 2503,0.94,-45.35,-121.7,APAC,1,74910,2025-09-06
SUP-002504,Supplier 2504,0.82,21.39,35.55,EMEA,1,2512829,2024-12-10
SUP-002505,Supplier 2505,0.28,53.74,65.19,LATAM,3,2039031,2025-09-10
SUP-002506,Supplier 2506,0.06,-12.87,-79.43,EMEA,3,12903,2026-04-10
SUP-002507,Supplier 2507,0.93,-38.1,24.95,EMEA,4,1244202,2024-11-11
SUP-002508,Supplier 2508,0.93,-8.0,-93.51,NA,3,4677332,2026-05-25
SUP-002509,Supplier 2509,0.53,42.18,160.67,NA,2,3522999,2025-04-28
SUP-002510,Supplier 2510,0.64,16.89,129.66,LATAM,3,363284,2026-01-27
SUP-002511,Supplier 2511,0.46,-46.85,-76.3,APAC,4,90120,2024-02-26
SUP-002512,Supplier 2512,0.42,9.83,10.37,NA,3,1736239,2024-09-17
SUP-002513,Supplier 2513,0.13,0.85,0.23,APAC,2,2329859,2026-05-28
SUP-002514,Supplier 2514,0.1,-17.48,165.61,EMEA,4,2272824,2026-04-17
SUP-002515,Supplier 2515,0.24,-45.68,-38.15,APAC,2,3486677,2025-06-22
SUP-002516,Supplier 2516,0.83,67.54,22.4,NA,2,875071,2024-02-01
SUP-002517,Supplier 2517,0.15,-37.11,154.33,NA,2,243057,
SUP-002518,Supplier 2518,0.23,-34.94,-121.39,NA,2,3366648,2025-02-03
SUP-002519,Supplier 2519,0.55,-41.07,18.17,EMEA,1,4488026,2026-04-27
SUP-002520,Supplier 2520,0.22,14.13,-141.96,EMEA,3,847006,2024-12-22
SUP-002521,Supplier 2521,0.17,-2.32,42.3,LATAM,3,1812375,2026-04-14
SUP-002522,Supplier 2522,0.56,-27.56,-48.35,EMEA,2,3137004,2025-05-20
SUP-002523,Supplier 2523,0.37,-4.17,168.35,APAC,4,834676,2024-05-07
SUP-002524,Supplier 2524,0.62,27.56,-30.45,EMEA,2,4301156,2025-06-13
SUP-002525,Supplier 2525,0.9,-23.38,-130.97,APAC,2,1135067,2024-12-09
SUP-002526,Supplier 2526,0.16,58.98,120.24,APAC,1,2667649,2024-07-31
SUP-002527,Supplier 2527,0.91,-20.17,115.51,APAC,4,1701140,2025-09-29
SUP-002528,Supplier 2528,0.89,-34.24,70.15,APAC,1,3340399,2024-07-12
SUP-002529,Supplier 2529,0.82,64.09,89.57,EMEA,1,999891,2026-05-04
SUP-002530,Supplier 2530,0.63,45.37,-84.7,NA,4,500161,2026-01-28
SUP-002531,Supplier 2531,0.62,-15.39,51.14,EMEA,3,2557787,2026-01-08
SUP-002532,Supplier 2532,0.64,49.39,-166.31,NA,1,4327465,2024-03-12
SUP-002533,Supplier 2533,0.69,7.45,-109.12,APAC,2,3168329,2026-06-25
SUP-002534,Supplier 2534,0.03,-14.92,155.62,NA,3,3780436,2025-04-10
SUP-002535,Supplier 2535,0.95,49.15,86.12,APAC,1,2172816,2025-11-22
SUP-002536,Supplier 2536,0.58,37.78,-96.96,NA,4,709201,2024-06-29
SUP-002537,Supplier 2537,0.78,-21.28,-139.9,LATAM,3,2140890,2025-12-26
SUP-002538,Supplier 2538,0.38,18.87,161.61,EMEA,1,4937606,2024-10-28
SUP-002539,Supplier 2539,0.02,-11.98,-139.61,LATAM,3,3910680,2025-10-29
SUP-002540,Supplier 2540,0.51,-59.86,-87.45,APAC,1,3520645,2024-09-18
SUP-002541,Supplier 2541,0.51,65.04,-114.25,LATAM,3,1512073,2026-05-30
SUP-002542,Supplier 2542,0.44,11.45,-177.31,LATAM,2,3002306,2025-10-30
SUP-002543,Supplier 2543,0.34,17.8,-66.91,APAC,1,3117616,2025-03-02
SUP-002544,Supplier 2544,0.25,17.99,170.7,EMEA,3,3274444,2025-03-06
SUP-002545,Supplier 2545,0.53,11.58,-56.91,EMEA,2,4465678,2024-01-01
SUP-002546,Supplier 2546,0.38,-22.29,1.55,LATAM,2,3411067,2024-10-09
SUP-002547,Supplier 2547,0.96,66.3,88.54,NA,4,1115356,2026-01-15
SUP-002548,Supplier 2548,0.18,20.82,18.39,NA,3,1115629,2026-02-23
SUP-002549,Supplier 2549,0.32,27.22,87.69,NA,2,3103304,2026-08-01
SUP-002550,Supplier 2550,0.3,-0.88,58.19,APAC,1,4332354,2024-03-21
SUP-002551,Supplier 2551,0.54,-22.58,39.08,NA,3,4740379,2024-08-24
SUP-002552,Supplier 2552,0.5,-51.63,53.87,APAC,1,3052197,2025-12-24
SUP-002553,Supplier 2553,0.64,-14.47,107.7,APAC,4,2653678,2024-12-07
SUP-002554,Supplier 2554,0.94,-37.11,75.67,LATAM,1,4081933,2024-08-22
SUP-002555,Supplier 2555,0.29,26.07,105.04,APAC,3,4884719,2024-09-22
SUP-002556,Supplier 2556,0.69,54.27,-127.58,NA,2,149080,2026-05-16
SUP-002557,Supplier 2557,0.03,-20.64,63.96,NA,3,1557129,2026-03-20
SUP-002558,Supplier 2558,0.27,-16.73,85.33,APAC,2,1675938,
SUP-002559,Supplier 2559,0.46,27.15,-72.01,EMEA,1,2825826,2026-03-04
SUP-002560,Supplier 2560,0.04,-40.59,134.85,EMEA,4,1481477,2025-06-09
SUP-002561,Supplier 2561,0.62,60.83,-70.3,LATAM,4,1562068,2026-03-08
SUP-002562,Supplier 2562,0.67,-12.7,-92.22,LATAM,1,131798,2025-08-10
SUP-002563,Supplier 2563,0.74,-46.84,132.15,APAC,1,28559,2025-10-11
SUP-002564,Supplier 2564,0.52,-37.29,-91.07,EMEA,3,2255428,2025-06-28
SUP-002565,Supplier 2565,0.6,61.26,-30.42,EMEA,4,4986567,2025-11-24
SUP-002566,Supplier 2566,0.4,-27.87,-47.55,NA,3,1485233,2026-02-08
SUP-002567,Supplier 2567,0.05,26.09,143.3,LATAM,1,1207899,2025-04-24
SUP-002568,Supplier 2568,0.11,-39.7,-16.12,EMEA,3,1329542,2024-04-15
SUP-002569,Supplier 2569,0.65,-34.77,69.95,LATAM,2,4865778,2024-03-28
SUP-002570,Supplier 2570,0.99,54.3,105.85,APAC,3,3322602,2025-01-27
SUP-002571,Supplier 2571,0.03,-40.76,46.05,NA,2,3268633,2025-03-22
SUP-002572,Supplier 2572,0.56,-57.56,159.73,APAC,1,954969,2026-03-26
SUP-002573,Supplier 2573,0.75,5.16,108.9,NA,1,4520628,2024-02-01
SUP-002574,Supplier 2574,0.82,52.15,-35.93,EMEA,3,991602,2026-04-18
SUP-002575,Supplier 2575,0.54,-17.62,162.29,APAC,3,4836341,2024-02-22
SUP-002576,Supplier 2576,0.62,-43.34,8.85,EMEA,2,4762739,2025-04-15
SUP-002577,Supplier 2577,0.69,67.69,-171.87,NA,1,2843467,
SUP-002578,Supplier 2578,0.85,27.98,-86.4,NA,4,4342217,2025-06-10
SUP-002579,Supplier 2579,0.13,50.59,43.82,LATAM,1,4998459,2024-02-10
SUP-002580,Supplier 2580,0.92,37.78,-123.55,APAC,1,2906002,2025-12-22
SUP-002581,Supplier 2581,0.04,30.77,30.26,APAC,2,3838976,2024-05-06
SUP-002582,Supplier 2582,0.83,-10.01,-49.82,NA,3,2957370,2026-01-05
SUP-002583,Supplier 2583,0.09,-17.84,12.38,APAC,4,2623834,2025-06-19
SUP-002584,Supplier 2584,0.2,33.2,-179.33,EMEA,3,1680098,2026-04-18
SUP-002585,Supplier 2585,0.01,33.17,125.43,LATAM,4,3278166,2026-07-12
SUP-002586,Supplier 2586,0.45,63.58,-49.71,EMEA,3,1343697,2026-03-07
SUP-002587,Supplier 2587,0.34,13.93,-129.54,EMEA,4,979414,2025-03-02
SUP-002588,Supplier 2588,0.17,-21.7,-22.35,NA,1,1384503,2025-01-26
SUP-002589,Supplier 2589,0.45,3.64,-4.98,EMEA,1,65052,2025-09-17
SUP-002590,Supplier 2590,0.4,19.78,49.46,APAC,3,4669918,2025-09-05
SUP-002591,Supplier 2591,0.76,-4.53,8.84,NA,4,1291378,2026-01-16
SUP-002592,Supplier 2592,0.89,42.85,-164.33,LATAM,3,4001694,2025-04-01
SUP-002593,Supplier 2593,0.65,16.0,133.74,NA,2,2180504,2025-03-12
SUP-002594,Supplier 2594,0.13,-58.77,-15.66,LATAM,2,1703770,2024-04-21
SUP-002595,Supplier 2595,0.3,14.08,-152.28,EMEA,1,1147982,2024-06-08
SUP-002596,Supplier 2596,0.91,22.37,98.22,NA,2,4105356,2026-02-14
SUP-002597,Supplier 2597,0.1,58.98,57.66,NA,3,2575039,2026-07-22
SUP-002598,Supplier 2598,0.41,-6.22,53.8,LATAM,1,2254080,2025-07-22
SUP-002599,Supplier 2599,0.93,14.68,-26.31,EMEA,2,3293141,2024-11-20
SUP-002600,Supplier 2600,0.94,1.75,-32.22,EMEA,2,4015080,2024-02-24
SUP-002601,Supplier 2601,0.41,9.12,13.08,EMEA,2,3282411,2024-02-10
SUP-002602,Supplier 2602,0.66,-51.25,-161.79,APAC,4,2344575,2025-09-30
SUP-002603,Supplier 2603,0.46,56.65,-72.38,APAC,4,4469884,2025-08-28
SUP-002604,Supplier 2604,0.75,58.35,175.64,LATAM,2,4479318,2024-09-24
SUP-002605,Supplier 2605,0.04,11.25,58.39,NA,4,4831932,2024-06-27
SUP-002606,Supplier 2606,0.15,12.35,-29.18,LATAM,3,464109,2024-03-06
SUP-002607,Supplier 2607,0.61,-52.52,-99.95,EMEA,4,4454568,2025-10-06
SUP-002608,Supplier 2608,0.24,17.73,88.28,LATAM,3,973955,2025-07-26
SUP-002609,Supplier 2609,0.66,-4.21,-86.3,NA,3,3104673,2024-11-10
SUP-002610,Supplier 2610,0.35,32.18,-121.55,EMEA,3,3293358,
SUP-002611,Supplier 2611,0.88,-53.87,-124.37,NA,2,1036763,2026-03-08
SUP-002612,Supplier 2612,0.81,32.42,82.53,LATAM,3,50550,2025-05-03
SUP-002613,Supplier 2613,0.49,-22.7,51.41,APAC,3,4717821,2024-09-04
SUP-002614,Supplier 2614,0.77,24.72,-154.87,LATAM,3,4457243,2024-01-06
SUP-002615,Supplier 2615,0.28,21.53,-138.58,NA,1,882553,2026-01-20
SUP-002616,Supplier 2616,0.49,-30.51,48.18,APAC,3,3010639,2025-06-28
SUP-002617,Supplier 2617,0.2,-2.74,25.6,APAC,3,765622,2024-11-23
SUP-002618,Supplier 2618,0.85,48.63,66.96,LATAM,1,2837052,2024-01-07
SUP-002619,Supplier 2619,0.82,18.73,-115.91,APAC,4,1594670,2026-02-07
SUP-002620,Supplier 2620,0.89,-51.06,81.57,APAC,4,3760833,2026-05-24
SUP-002621,Supplier 2621,0.87,-2.42,156.99,APAC,3,2872291,2025-03-30
SUP-002622,Supplier 2622,0.95,-19.47,36.38,APAC,4,2495383,2024-09-09
SUP-002623,Supplier 2623,0.23,23.41,-109.39,NA,4,3410548,2025-08-08
SUP-002624,Supplier 2624,0.92,19.89,64.64,NA,2,2384176,2026-04-02
SUP-002625,Supplier 2625,0.57,-58.65,-56.49,LATAM,4,76330,2025-07-08
SUP-002626,Supplier 2626,0.42,19.0,-162.26,LATAM,4,2983804,2024-01-12
SUP-002627,Supplier 2627,0.56,35.53,-71.16,LATAM,1,3892331,2024-07-03
SUP-002628,Supplier 2628,0.35,39.93,146.01,EMEA,4,2456955,2024-04-01
SUP-002629,Supplier 2629,0.29,-52.33,-31.99,APAC,1,883347,2025-01-23
SUP-002630,Supplier 2630,0.25,-20.52,131.28,LATAM,2,49133,2025-03-02
SUP-002631,Supplier 2631,0.09,-5.23,3.12,APAC,4,1489459,2025-05-20
SUP-002632,Supplier 2632,0.5,-36.63,6.11,EMEA,3,3842535,2025-12-17
SUP-002633,Supplier 2633,0.88,-5.3,-178.12,NA,2,1617212,2024-04-16
SUP-002634,Supplier 2634,0.63,-50.75,49.36,NA,3,4781193,2026-06-08
SUP-002635,Supplier 2635,0.52,-45.28,-141.19,APAC,1,1668905,2024-09-05
SUP-002636,Supplier 2636,0.43,26.93,-7.65,LATAM,1,2143806,2025-05-06
SUP-002637,Supplier 2637,0.47,-25.87,-86.29,NA,4,3804234,2024-07-18
SUP-002638,Supplier 2638,0.22,32.48,-38.74,EMEA,1,3073561,2024-12-01
SUP-002639,Supplier 2639,0.82,-53.75,13.35,APAC,4,214312,2026-02-24
SUP-002640,Supplier 2640,0.2,13.15,-174.79,NA,2,390636,2024-02-12
SUP-002641,Supplier 2641,0.71,-9.11,-77.55,EMEA,1,990623,2025-04-01
SUP-002642,Supplier 2642,0.75,43.61,176.26,EMEA,4,4359429,2025-07-05
SUP-002643,Supplier 2643,0.57,41.91,-159.34,EMEA,1,121372,2025-06-22
SUP-002644,Supplier 2644,0.86,-11.18,-65.02,LATAM,2,367304,2024-12-24
SUP-002645,Supplier 2645,0.3,20.95,-64.29,EMEA,1,3893714,2024-12-22
SUP-002646,Supplier 2646,0.87,-30.42,-43.42,APAC,4,3118031,2026-05-08
SUP-002647,Supplier 2647,0.72,15.45,66.52,EMEA,2,4918774,2024-08-15
SUP-002648,Supplier 2648,0.79,-49.44,-90.81,LATAM,3,1105790,2025-03-29
SUP-002649,Supplier 2649,0.66,-3.5,-14.3,NA,1,3301140,2024-12-09
SUP-002650,Supplier 2650,0.84,-36.25,52.15,APAC,3,681263,2025-12-23
SUP-002651,Supplier 2651,0.98,54.84,-63.96,LATAM,3,2954794,2026-01-30
SUP-002652,Supplier 2652,0.42,-2.16,161.56,APAC,2,539824,2026-03-11
SUP-002653,Supplier 2653,0.81,16.8,172.68,LATAM,4,4541250,2024-03-21
SUP-002654,Supplier 2654,0.74,-13.15,-136.92,APAC,2,2085782,2024-04-02
SUP-002655,Supplier 2655,0.45,-22.46,-56.22,NA,3,1282220,2024-12-20
SUP-002656,Supplier 2656,0.92,-33.62,-105.13,APAC,1,4922681,2025-02-20
SUP-002657,Supplier 2657,0.4,58.54,-112.76,NA,4,341646,2024-02-29
SUP-002658,Supplier 2658,0.56,43.93,-3.25,NA,1,4001472,2026-04-23
SUP-002659,Supplier 2659,0.11,-42.68,22.98,APAC,3,2554749,2026-04-26
SUP-002660,Supplier 2660,0.23,37.07,-26.77,EMEA,1,3441154,2025-02-04
SUP-002661,Supplier 2661,0.83,-5.59,-81.88,EMEA,1,1309140,2025-12-27
SUP-002662,Supplier 2662,0.4,-58.0,-79.7,NA,1,4407926,2025-06-17
SUP-002663,Supplier 2663,0.4,8.69,177.17,APAC,4,2260897,2025-09-12
SUP-002664,Supplier 2664,0.25,-43.09,152.52,EMEA,1,2098602,2026-04-04
SUP-002665,Supplier 2665,0.49,-32.71,-152.68,LATAM,4,2286936,2024-03-27
SUP-002666,Supplier 2666,0.8,30.49,56.36,LATAM,3,1488957,2024-08-07
SUP-002667,Supplier 2667,0.89,-26.57,-15.52,LATAM,1,1600970,2025-02-08
SUP-002668,Supplier 2668,0.08,55.95,67.97,APAC,2,709093,2026-04-24
SUP-002669,Supplier 2669,0.57,25.43,34.91,NA,2,2436759,2025-07-12
SUP-002670,Supplier 2670,0.47,48.2,140.13,APAC,2,2378886,2025-01-09
SUP-002671,Supplier 2671,0.61,19.97,-155.88,LATAM,3,1906957,2024-01-28
SUP-002672,Supplier 2672,0.45,52.95,-54.14,EMEA,4,4928198,2025-07-13
SUP-002673,Supplier 2673,0.4,-12.98,174.78,LATAM,4,574166,2024-09-11
SUP-002674,Supplier 2674,0.47,11.39,-114.38,LATAM,3,4552347,2024-11-05
SUP-002675,Supplier 2675,0.58,7.07,-134.16,LATAM,4,4334961,2026-07-29
SUP-002676,Supplier 2676,0.5,57.49,82.43,EMEA,4,121097,2025-05-12
SUP-002677,Supplier 2677,0.47,-38.56,99.88,APAC,1,3509355,2024-05-10
SUP-002678,Supplier 2678,0.81,15.15,62.02,NA,3,1053880,2024-02-16
SUP-002679,Supplier 2679,0.74,38.08,99.43,NA,4,216131,2025-01-01
SUP-002680,Supplier 2680,0.34,-11.89,69.74,LATAM,1,4306433,2024-03-02
SUP-002681,Supplier 2681,0.79,52.79,-131.12,NA,3,587774,2025-02-08
SUP-002682,Supplier 2682,0.85,-11.51,38.96,EMEA,4,1501478,2025-01-26
SUP-002683,Supplier 2683,0.16,-37.47,99.68,NA,2,491607,2026-04-10
SUP-002684,Supplier 2684,0.58,15.93,131.59,EMEA,4,718350,2024-11-12
SUP-002685,Supplier 2685,0.29,-5.33,-91.36,EMEA,4,318100,2024-09-17
SUP-002686,Supplier 2686,0.73,-58.03,-134.12,APAC,3,4213354,2025-08-04
SUP-002687,Supplier 2687,0.24,-50.92,101.19,EMEA,3,304693,2025-08-26
SUP-002688,Supplier 2688,0.67,-34.61,-87.64,EMEA,3,3798629,2024-02-05
SUP-002689,Supplier 2689,0.26,40.01,-168.51,APAC,2,793990,2024-03-20
SUP-002690,Supplier 2690,0.51,55.97,117.08,NA,2,4575374,
SUP-002691,Supplier 2691,0.94,10.93,2.16,EMEA,3,4240868,
SUP-002692,Supplier 2692,0.38,-46.28,-62.41,EMEA,2,3150937,2024-07-16
SUP-002693,Supplier 2693,0.87,9.47,-175.89,NA,4,4142884,2026-07-26
SUP-002694,Supplier 2694,0.98,51.23,-167.28,LATAM,4,1498701,2025-02-19
SUP-002695,Supplier 2695,0.87,37.43,105.34,APAC,2,3917900,2026-05-31
SUP-002696,Supplier 2696,0.17,-22.16,-3.71,LATAM,3,1115685,2024-08-21
SUP-002697,Supplier 2697,0.81,-43.89,-126.1,LATAM,1,3077385,2025-02-03
SUP-002698,Supplier 2698,0.04,57.09,-50.94,NA,1,4597786,2024-05-09
SUP-002699,Supplier 2699,0.4,51.03,-120.49,NA,2,3620232,2026-03-09
SUP-002700,Supplier 2700,0.86,-53.02,-139.36,EMEA,1,1355283,2025-07-18
SUP-002701,Supplier 2701,0.68,47.08,-80.53,NA,4,3695021,2024-03-12
SUP-002702,Supplier 2702,0.53,-47.36,17.82,NA,1,4417768,2025-12-03
SUP-002703,Supplier 2703,0.39,-51.77,-104.4,NA,2,4447671,
SUP-002704,Supplier 2704,0.81,38.62,-56.28,NA,2,3698469,2025-10-08
SUP-002705,Supplier 2705,0.71,9.72,-7.94,NA,1,3664391,2026-02-02
SUP-002706,Supplier 2706,0.47,-6.11,-28.79,LATAM,2,3926338,2024-09-17
SUP-002707,Supplier 2707,0.88,57.5,-133.69,EMEA,3,3684931,2025-02-11
SUP-002708,Supplier 2708,0.24,49.11,-166.01,LATAM,4,677366,2026-03-17
SUP-002709,Supplier 2709,0.18,-52.51,-167.23,APAC,1,4022365,2025-07-28
SUP-002710,Supplier 2710,0.64,20.09,-53.94,NA,1,908054,2025-07-31
SUP-002711,Supplier 2711,0.96,40.39,78.77,LATAM,2,2786210,2025-12-25
SUP-002712,Supplier 2712,0.25,11.56,-132.75,LATAM,2,1703890,2025-08-03
SUP-002713,Supplier 2713,0.25,67.79,103.31,EMEA,4,1073013,2024-04-29
SUP-002714,Supplier 2714,0.15,29.19,77.64,NA,1,1416776,2024-07-19
SUP-002715,Supplier 2715,0.85,-46.46,-178.58,NA,2,431866,2026-01-04
SUP-002716,Supplier 2716,0.23,-34.22,-170.37,LATAM,3,2203888,2024-08-16
SUP-002717,Supplier 2717,0.5,47.41,-109.79,APAC,2,2101027,2025-09-20
SUP-002718,Supplier 2718,0.98,69.58,-159.8,LATAM,3,2023127,2025-03-24
SUP-002719,Supplier 2719,0.02,-47.22,11.28,EMEA,4,467511,2025-08-08
SUP-002720,Supplier 2720,0.56,-46.96,-165.73,LATAM,3,3037955,2024-08-12
SUP-002721,Supplier 2721,0.51,39.24,108.95,NA,2,854827,
SUP-002722,Supplier 2722,0.8,-51.63,-2.53,EMEA,4,4281009,2025-10-11
SUP-002723,Supplier 2723,0.36,-51.09,82.06,LATAM,4,128961,2024-06-11
SUP-002724,Supplier 2724,0.41,55.55,90.25,LATAM,4,285787,2024-10-18
SUP-002725,Supplier 2725,0.17,44.06,2.44,EMEA,1,1508029,2026-07-31
SUP-002726,Supplier 2726,0.74,54.6,153.13,APAC,4,2045347,2024-05-23
SUP-002727,Supplier 2727,0.78,24.57,176.49,EMEA,4,4850289,2025-06-29
SUP-002728,Supplier 2728,0.14,-18.07,-50.68,LATAM,4,2631259,2024-05-23
SUP-002729,Supplier 2729,0.4,57.82,-134.69,LATAM,3,1900867,2025-10-29
SUP-002730,Supplier 2730,0.89,-21.17,-49.23,APAC,2,4189654,2024-04-30
SUP-002731,Supplier 2731,0.01,-24.18,-99.59,EMEA,3,1212054,2025-06-25
SUP-002732,Supplier 2732,0.3,55.23,11.16,APAC,3,2023212,2025-02-19
SUP-002733,Supplier 2733,0.55,28.51,-43.78,EMEA,4,1570446,2025-10-14
SUP-002734,Supplier 2734,0.34,56.44,-7.04,EMEA,2,1513679,2024-01-03
SUP-002735,Supplier 2735,0.28,-39.73,94.75,NA,3,58366,2025-05-02
SUP-002736,Supplier 2736,0.46,63.8,-81.35,NA,4,3372645,2025-05-26
SUP-002737,Supplier 2737,0.19,19.66,13.49,APAC,4,2890699,2024-08-15
SUP-002738,Supplier 2738,0.53,26.84,-59.34,NA,1,3175989,2024-10-08
SUP-002739,Supplier 2739,0.7,58.83,102.59,APAC,4,3262608,2025-10-28
SUP-002740,Supplier 2740,0.57,-10.5,50.23,EMEA,1,146441,2025-06-05
SUP-002741,Supplier 2741,0.1,33.54,-176.94,LATAM,4,4389497,2025-06-30
SUP-002742,Supplier 2742,0.84,23.24,57.62,APAC,1,2561502,2026-06-02
SUP-002743,Supplier 2743,0.18,42.41,-118.74,EMEA,1,3460169,2025-01-17
SUP-002744,Supplier 2744,0.76,56.6,80.81,APAC,3,190636,2026-03-31
SUP-002745,Supplier 2745,0.36,28.41,24.24,LATAM,3,3807620,2026-07-08
SUP-002746,Supplier 2746,0.78,-51.21,-35.47,APAC,3,3390042,2025-06-28
SUP-002747,Supplier 2747,0.21,-36.19,69.86,APAC,2,1848467,2024-07-18
SUP-002748,Supplier 2748,0.19,64.02,128.37,APAC,1,4679683,2025-01-29
SUP-002749,Supplier 2749,0.5,65.92,100.35,NA,3,3256887,2024-02-13
SUP-002750,Supplier 2750,0.04,65.76,16.34,LATAM,3,4538364,2025-10-21
SUP-002751,Supplier 2751,0.23,-55.22,80.17,EMEA,3,4109862,2024-09-15
SUP-002752,Supplier 2752,0.72,-10.28,-30.99,EMEA,2,1036503,2026-05-21
SUP-002753,Supplier 2753,0.83,38.76,104.05,LATAM,4,4982402,2025-09-08
SUP-002754,Supplier 2754,0.09,37.88,118.46,LATAM,4,3715799,2025-04-07
SUP-002755,Supplier 2755,0.87,-48.83,-130.57,NA,1,956658,2024-06-25
SUP-002756,Supplier 2756,0.79,19.23,-94.31,NA,1,3967399,2024-04-03
SUP-002757,Supplier 2757,0.86,-41.43,-82.8,EMEA,1,2150724,2025-09-26
SUP-002758,Supplier 2758,0.69,4.12,-120.21,LATAM,1,4323193,2025-12-24
SUP-002759,Supplier 2759,0.67,-28.84,-38.69,LATAM,3,874806,
SUP-002760,Supplier 2760,0.52,-53.09,-110.51,APAC,3,1305397,2024-01-10
SUP-002761,Supplier 2761,0.65,-49.6,34.39,NA,2,1744649,2024-10-28
SUP-002762,Supplier 2762,0.91,58.42,-143.42,LATAM,3,2259665,2025-12-22
SUP-002763,Supplier 2763,0.11,36.8,-82.83,NA,4,3160230,2025-07-01
SUP-002764,Supplier 2764,0.32,61.14,59.59,LATAM,4,1115307,2024-03-21
SUP-002765,Supplier 2765,0.08,1.1,-36.52,EMEA,2,3530837,2024-04-18
SUP-002766,Supplier 2766,0.94,-6.27,-28.27,APAC,3,131304,2024-04-10
SUP-002767,Supplier 2767,0.45,-13.41,107.25,EMEA,3,1661737,2025-12-16
SUP-002768,Supplier 2768,0.67,20.12,174.42,EMEA,4,3298473,2026-01-07
SUP-002769,Supplier 2769,0.83,-14.3,23.42,NA,4,1331856,2025-01-20
SUP-002770,Supplier 2770,0.98,37.02,-151.54,EMEA,2,2163003,2025-10-12
SUP-002771,Supplier 2771,0.17,44.17,-142.95,APAC,4,3034237,2024-01-20
SUP-002772,Supplier 2772,0.79,53.86,168.66,NA,2,1248103,2025-06-14
SUP-002773,Supplier 2773,0.88,-28.44,64.52,APAC,4,4822060,2024-09-13
SUP-002774,Supplier 2774,0.06,8.51,90.89,LATAM,4,4237048,2026-02-13
SUP-002775,Supplier 2775,0.75,-30.95,63.27,EMEA,4,4855423,2025-04-06
SUP-002776,Supplier 2776,0.36,-55.12,-115.34,LATAM,1,2483446,2026-03-14
SUP-002777,Supplier 2777,0.65,32.02,-18.59,LATAM,1,1723571,2025-06-15
SUP-002778,Supplier 2778,0.51,11.37,107.31,APAC,4,4973341,2025-03-07
SUP-002779,Supplier 2779,0.26,34.11,131.89,EMEA,1,3645173,2026-06-12
SUP-002780,Supplier 2780,0.14,-48.61,-94.56,APAC,1,3968855,2026-07-29
SUP-002781,Supplier 2781,0.12,69.42,34.55,LATAM,2,921672,2025-03-06
SUP-002782,Supplier 2782,0.11,69.27,-123.44,LATAM,2,4347363,2024-12-03
SUP-002783,Supplier 2783,0.64,0.45,164.98,EMEA,1,2645395,2025-09-02
SUP-002784,Supplier 2784,0.35,52.59,-89.21,EMEA,1,3868927,2024-06-10
SUP-002785,Supplier 2785,0.22,-28.34,81.59,LATAM,2,4126873,2024-12-30
SUP-002786,Supplier 2786,0.69,35.88,-96.8,LATAM,3,538565,2026-03-09
SUP-002787,Supplier 2787,0.68,54.3,41.78,NA,3,504401,2026-04-26
SUP-002788,Supplier 2788,0.54,45.91,57.34,LATAM,4,334494,2025-01-27
SUP-002789,Supplier 2789,0.93,45.53,-61.77,LATAM,4,3218276,2025-01-03
SUP-002790,Supplier 2790,0.39,0.19,114.78,LATAM,1,4576243,2026-04-05
SUP-002791,Supplier 2791,0.83,46.6,138.73,LATAM,3,160262,
SUP-002792,Supplier 2792,0.08,29.79,127.83,NA,1,699603,2024-02-27
SUP-002793,Supplier 2793,0.74,-42.78,-60.91,APAC,2,2434722,2024-03-09
SUP-002794,Supplier 2794,0.98,-45.16,87.96,APAC,2,1962218,2024-04-14
SUP-002795,Supplier 2795,0.84,40.35,21.42,NA,3,523977,2026-04-10
SUP-002796,Supplier 2796,0.58,21.31,33.35,NA,2,3053455,2024-02-08
SUP-002797,Supplier 2797,0.62,7.52,-8.13,LATAM,4,4528127,2024-11-09
SUP-002798,Supplier 2798,0.36,57.94,36.09,EMEA,2,1067372,
SUP-002799,Supplier 2799,0.68,25.75,-131.16,LATAM,4,24133,2025-07-29
SUP-002800,Supplier 2800,0.76,-8.5,-32.81,EMEA,4,1134172,2026-02-24
SUP-002801,Supplier 2801,0.99,-6.19,-116.04,LATAM,3,931172,2026-07-15
SUP-002802,Supplier 2802,0.49,18.68,-79.16,EMEA,1,2336544,2025-01-15
SUP-002803,Supplier 2803,0.07,38.84,-133.99,EMEA,3,545508,2024-08-08
SUP-002804,Supplier 2804,0.59,13.37,-103.5,APAC,2,1810866,2024-03-26
SUP-002805,Supplier 2805,0.13,6.14,101.49,LATAM,2,606032,2026-04-21
SUP-002806,Supplier 2806,0.25,34.5,17.94,LATAM,2,3386112,2024-12-18
SUP-002807,Supplier 2807,0.33,31.68,-171.49,EMEA,2,2351292,2026-04-28
SUP-002808,Supplier 2808,0.73,47.95,103.87,LATAM,2,384630,2024-11-24
SUP-002809,Supplier 2809,0.19,-51.87,147.41,APAC,4,228107,2025-12-14
SUP-002810,Supplier 2810,0.17,38.14,136.95,APAC,2,2448905,2025-08-30
SUP-002811,Supplier 2811,0.05,6.79,116.29,APAC,2,2963064,2025-11-04
SUP-002812,Supplier 2812,0.87,-50.29,177.2,APAC,3,879556,2025-09-07
SUP-002813,Supplier 2813,0.69,28.27,31.1,APAC,1,1624360,2024-10-16
SUP-002814,Supplier 2814,0.05,33.15,166.53,EMEA,3,3037557,2024-04-07
SUP-002815,Supplier 2815,0.04,8.07,161.58,NA,4,2361190,2024-01-11
SUP-002816,Supplier 2816,0.56,43.19,-67.23,LATAM,4,589904,2025-01-31
SUP-002817,Supplier 2817,0.29,-20.97,130.84,EMEA,1,1962432,2026-04-21
SUP-002818,Supplier 2818,0.59,-33.75,105.29,LATAM,2,996183,2025-08-29
SUP-002819,Supplier 2819,0.44,-14.4,99.29,NA,1,4634415,2025-09-28
SUP-002820,Supplier 2820,0.91,-6.69,142.66,NA,3,4021406,2024-09-01
SUP-002821,Supplier 2821,0.29,30.47,-41.69,EMEA,2,1567014,2025-04-03
SUP-002822,Supplier 2822,0.68,49.92,-35.98,LATAM,4,1183483,2025-01-19
SUP-002823,Supplier 2823,0.06,33.72,50.42,EMEA,1,681860,2024-05-08
SUP-002824,Supplier 2824,0.95,-37.38,85.61,APAC,4,3687956,2025-08-02
SUP-002825,Supplier 2825,0.97,-12.39,136.71,APAC,2,4592067,2024-12-09
SUP-002826,Supplier 2826,0.73,-39.41,135.3,APAC,4,1372582,2025-01-15
SUP-002827,Supplier 2827,0.47,29.27,79.68,LATAM,1,3202470,2025-07-17
SUP-002828,Supplier 2828,0.23,-27.74,164.48,LATAM,2,1182787,2024-01-30
SUP-002829,Supplier 2829,0.81,8.3,-115.69,NA,2,4585952,2026-06-02
SUP-002830,Supplier 2830,0.73,42.94,162.12,NA,4,1502782,2024-07-29
SUP-002831,Supplier 2831,0.23,27.22,-156.89,LATAM,3,489471,2025-10-03
SUP-002832,Supplier 2832,0.45,-21.21,20.02,EMEA,4,4405850,2026-01-02
SUP-002833,Supplier 2833,0.46,-16.73,-147.53,EMEA,3,4728164,2024-05-25
SUP-002834,Supplier 2834,0.82,24.94,24.48,NA,4,1991856,2024-08-22
SUP-002835,Supplier 2835,0.68,11.43,-39.56,LATAM,3,4537416,2025-01-24
SUP-002836,Supplier 2836,0.64,-47.47,-150.62,APAC,3,1226365,
SUP-002837,Supplier 2837,0.65,53.62,53.32,EMEA,4,1361762,2025-08-23
SUP-002838,Supplier 2838,0.28,6.64,83.23,APAC,4,2687830,2025-03-16
SUP-002839,Supplier 2839,0.37,1.54,-117.29,NA,3,3006129,2026-03-12
SUP-002840,Supplier 2840,0.05,-34.2,70.0,LATAM,2,1934350,2025-03-22
SUP-002841,Supplier 2841,0.78,-10.99,-115.54,EMEA,3,4000038,2026-04-16
SUP-002842,Supplier 2842,0.43,-16.73,-130.54,APAC,3,3953085,2025-12-28
SUP-002843,Supplier 2843,0.44,-24.8,-126.95,LATAM,4,613554,2024-06-11
SUP-002844,Supplier 2844,0.25,13.76,35.67,APAC,3,4952323,2024-12-27
SUP-002845,Supplier 2845,0.22,0.1,100.36,APAC,4,804320,2024-01-24
SUP-002846,Supplier 2846,0.59,55.6,34.88,NA,3,2637606,2024-08-13
SUP-002847,Supplier 2847,0.24,62.37,111.37,LATAM,4,2120965,2024-01-22
SUP-002848,Supplier 2848,0.07,-31.47,32.93,NA,4,2264226,2024-04-09
SUP-002849,Supplier 2849,0.76,-46.99,107.04,EMEA,4,651078,2024-01-05
SUP-002850,Supplier 2850,0.38,42.09,171.55,LATAM,1,1721746,2025-09-26
SUP-002851,Supplier 2851,0.38,69.33,-39.25,NA,4,161405,2025-01-21
SUP-002852,Supplier 2852,0.43,52.27,-126.02,NA,2,4866960,2025-03-19
SUP-002853,Supplier 2853,0.81,-56.92,-131.26,NA,4,727817,2025-12-22
SUP-002854,Supplier 2854,0.32,-27.34,35.09,APAC,2,2421583,2026-02-03
SUP-002855,Supplier 2855,0.75,-54.37,16.96,LATAM,2,1087964,2025-05-18
SUP-002856,Supplier 2856,0.93,46.7,-113.68,EMEA,3,898204,2025-03-08
SUP-002857,Supplier 2857,0.66,15.58,137.56,NA,3,1957169,2025-09-05
SUP-002858,Supplier 2858,0.43,6.78,164.43,NA,3,4846387,2025-01-26
SUP-002859,Supplier 2859,0.74,12.08,-88.84,EMEA,1,2396166,2025-02-21
SUP-002860,Supplier 2860,0.46,-27.18,-105.52,LATAM,4,4804801,2024-10-09
SUP-002861,Supplier 2861,0.42,18.21,-102.99,NA,2,4136940,2024-06-28
SUP-002862,Supplier 2862,0.52,-56.01,-40.53,APAC,4,2184268,
SUP-002863,Supplier 2863,0.32,23.98,127.16,EMEA,2,4506893,2025-09-10
SUP-002864,Supplier 2864,0.11,35.48,34.55,LATAM,3,1747448,2026-02-22
SUP-002865,Supplier 2865,0.42,27.49,-155.68,LATAM,3,2512148,2025-02-03
SUP-002866,Supplier 2866,0.13,-16.82,-9.73,NA,1,3405382,2024-03-30
SUP-002867,Supplier 2867,0.41,47.41,-147.48,APAC,2,2951212,2025-07-30
SUP-002868,Supplier 2868,0.56,33.02,-33.76,NA,3,4146331,2026-05-01
SUP-002869,Supplier 2869,0.92,-43.32,-34.73,EMEA,4,822852,2025-05-12
SUP-002870,Supplier 2870,0.05,-34.63,53.41,NA,4,2497675,2024-01-26
SUP-002871,Supplier 2871,0.62,22.82,17.8,LATAM,2,3326950,2024-03-18
SUP-002872,Supplier 2872,0.46,-22.38,134.91,EMEA,3,1660756,2025-05-08
SUP-002873,Supplier 2873,0.03,-44.47,-174.14,APAC,1,4335888,2026-03-24
SUP-002874,Supplier 2874,0.25,-39.85,98.64,APAC,4,1513956,2024-02-25
SUP-002875,Supplier 2875,0.13,-38.47,-171.84,APAC,4,1512743,2025-12-12
SUP-002876,Supplier 2876,0.22,2.11,-70.46,EMEA,4,1639727,2026-01-05
SUP-002877,Supplier 2877,0.28,18.96,136.68,LATAM,2,3385624,2024-02-18
SUP-002878,Supplier 2878,0.4,-37.07,68.55,EMEA,2,598984,2024-07-18
SUP-002879,Supplier 2879,0.53,32.62,-118.08,EMEA,4,722927,2024-01-04
SUP-002880,Supplier 2880,0.01,-23.47,-3.32,NA,3,3895315,2025-06-18
SUP-002881,Supplier 2881,0.17,-19.5,79.89,APAC,1,1044499,2024-06-13
SUP-002882,Supplier 2882,0.1,-30.95,157.44,NA,3,533749,2026-05-15
SUP-002883,Supplier 2883,0.55,42.08,48.36,LATAM,3,1325641,
SUP-002884,Supplier 2884,0.33,64.78,-171.12,NA,2,1997589,2025-09-04
SUP-002885,Supplier 2885,0.55,4.02,-0.11,APAC,2,175255,2026-01-12
SUP-002886,Supplier 2886,0.23,-54.54,-124.93,EMEA,1,4176367,2024-06-17
SUP-002887,Supplier 2887,0.03,-26.13,-162.8,NA,2,596313,2024-08-26
SUP-002888,Supplier 2888,0.93,-39.45,35.46,LATAM,1,2026488,2026-01-22
SUP-002889,Supplier 2889,0.12,49.56,99.69,EMEA,2,1018611,2024-03-28
SUP-002890,Supplier 2890,0.13,-48.97,-167.02,LATAM,1,1480861,2025-02-20
SUP-002891,Supplier 2891,0.15,65.64,102.09,LATAM,2,235796,2024-08-24
SUP-002892,Supplier 2892,0.97,16.51,74.3,APAC,3,4741786,2024-01-13
SUP-002893,Supplier 2893,0.62,7.31,90.72,LATAM,2,4687453,2025-03-02
SUP-002894,Supplier 2894,0.61,50.16,-91.9,EMEA,1,641453,2025-04-04
SUP-002895,Supplier 2895,0.98,-56.42,-38.31,EMEA,4,994429,2024-11-23
SUP-002896,Supplier 2896,0.1,41.03,-136.89,APAC,2,4425420,2026-02-05
SUP-002897,Supplier 2897,0.97,-44.84,-94.0,APAC,3,2080601,2024-03-31
SUP-002898,Supplier 2898,0.21,49.3,-71.0,APAC,3,319763,2025-02-09
SUP-002899,Supplier 2899,0.62,8.79,-65.0,EMEA,3,687991,2024-06-19
SUP-002900,Supplier 2900,0.42,-52.05,-116.99,NA,2,2073511,2025-12-16
SUP-002901,Supplier 2901,0.39,48.32,-112.06,LATAM,4,2794121,2025-06-09
SUP-002902,Supplier 2902,0.92,-56.45,144.53,NA,4,3162288,2025-10-28
SUP-002903,Supplier 2903,0.16,-42.01,102.2,LATAM,4,774491,2024-04-11
SUP-002904,Supplier 2904,0.99,43.72,-55.99,EMEA,2,1856491,2025-03-07
SUP-002905,Supplier 2905,0.38,0.43,161.15,NA,2,1312754,
SUP-002906,Supplier 2906,0.65,54.58,-93.99,EMEA,1,2677686,2024-11-01
SUP-002907,Supplier 2907,0.96,22.61,-33.54,NA,2,1614004,2026-06-11
SUP-002908,Supplier 2908,0.07,21.06,112.87,APAC,4,1027968,2025-11-16
SUP-002909,Supplier 2909,0.91,-22.01,-20.56,APAC,2,4077872,2024-03-14
SUP-002910,Supplier 2910,0.57,-42.62,-95.53,NA,4,2849482,2024-12-14
SUP-002911,Supplier 2911,0.7,64.95,-47.33,LATAM,4,2375013,2026-04-02
SUP-002912,Supplier 2912,0.16,-46.38,0.26,EMEA,3,681447,2024-06-09
SUP-002913,Supplier 2913,0.53,8.77,43.43,EMEA,3,363336,2025-12-15
SUP-002914,Supplier 2914,0.67,-24.57,-33.98,LATAM,4,3982520,2024-10-29
SUP-002915,Supplier 2915,0.46,-25.66,-24.73,NA,1,4843406,2025-03-26
SUP-002916,Supplier 2916,0.16,17.3,-84.98,APAC,1,2923111,2026-04-07
SUP-002917,Supplier 2917,0.25,43.73,12.73,EMEA,1,205054,2025-09-26
SUP-002918,Supplier 2918,0.85,41.03,-101.0,NA,4,2414841,2024-09-24
SUP-002919,Supplier 2919,0.04,52.94,132.31,EMEA,2,1408166,2024-01-09
SUP-002920,Supplier 2920,0.7,-21.92,89.05,LATAM,1,282787,2024-08-09
SUP-002921,Supplier 2921,0.99,0.55,-32.3,EMEA,1,720779,2025-01-29
SUP-002922,Supplier 2922,0.02,-58.79,89.0,EMEA,2,2503873,2024-05-05
SUP-002923,Supplier 2923,0.17,37.09,-177.48,LATAM,2,2140115,2026-04-12
SUP-002924,Supplier 2924,0.67,-20.7,-55.98,LATAM,1,2822211,2024-02-22
SUP-002925,Supplier 2925,0.07,12.99,-21.49,APAC,1,3470133,2025-05-25
SUP-002926,Supplier 2926,0.59,-37.99,-10.87,APAC,4,1335680,2026-07-10
SUP-002927,Supplier 2927,0.68,46.52,89.54,LATAM,4,1438657,2024-11-12
SUP-002928,Supplier 2928,0.59,46.25,166.61,LATAM,1,3391175,2025-05-21
SUP-002929,Supplier 2929,0.37,54.07,-43.2,LATAM,2,993767,2024-03-10
SUP-002930,Supplier 2930,0.69,-54.03,-53.78,NA,2,393058,2025-11-19
SUP-002931,Supplier 2931,0.59,69.02,39.79,LATAM,2,4269312,2026-07-11
SUP-002932,Supplier 2932,0.21,-27.79,-78.75,EMEA,1,1051358,2025-12-30
SUP-002933,Supplier 2933,0.56,-19.77,-129.11,APAC,4,613190,2024-05-21
SUP-002934,Supplier 2934,0.87,-27.59,166.15,NA,3,3690367,2024-11-28
SUP-002935,Supplier 2935,0.66,-25.22,111.43,EMEA,4,2663813,2025-11-14
SUP-002936,Supplier 2936,0.47,11.85,165.06,APAC,2,744638,2026-01-24
SUP-002937,Supplier 2937,0.33,-28.82,-101.58,NA,4,4254191,2025-01-15
SUP-002938,Supplier 2938,0.09,-8.81,-173.59,NA,3,1235288,2026-06-26
SUP-002939,Supplier 2939,0.25,25.23,-22.59,LATAM,1,3383404,2024-07-11
SUP-002940,Supplier 2940,0.02,48.68,156.1,NA,2,3257768,2025-12-01
SUP-002941,Supplier 2941,0.98,30.06,-130.2,EMEA,4,4149934,2025-04-13
SUP-002942,Supplier 2942,0.23,17.26,-137.81,APAC,4,3646920,
SUP-002943,Supplier 2943,0.81,-40.8,-155.18,NA,3,3518257,2025-07-16
SUP-002944,Supplier 2944,0.18,46.1,95.41,LATAM,1,266931,2025-02-12
SUP-002945,Supplier 2945,0.29,-55.15,102.93,APAC,3,4691083,2026-02-08
SUP-002946,Supplier 2946,0.42,-25.66,70.34,EMEA,4,641681,2026-03-05
SUP-002947,Supplier 2947,0.33,-52.58,-160.81,LATAM,1,1275215,2026-02-10
SUP-002948,Supplier 2948,0.79,26.77,80.38,EMEA,2,2236128,2024-03-24
SUP-002949,Supplier 2949,0.95,-12.11,-18.49,NA,1,1449153,2025-02-03
SUP-002950,Supplier 2950,0.87,24.77,-123.16,NA,1,2968046,2025-12-08
SUP-002951,Supplier 2951,0.16,-14.89,-73.75,EMEA,4,274022,2026-03-29
SUP-002952,Supplier 2952,0.77,-0.75,0.41,APAC,1,2274368,2024-12-07
SUP-002953,Supplier 2953,0.15,-0.47,-61.33,NA,1,1753783,2025-11-30
SUP-002954,Supplier 2954,0.91,-54.07,169.11,NA,1,3238879,2025-06-18
SUP-002955,Supplier 2955,0.52,-4.07,-9.09,NA,4,2603796,2024-07-27
SUP-002956,Supplier 2956,0.34,23.34,-46.03,NA,2,3782404,2026-04-22
SUP-002957,Supplier 2957,0.16,10.99,62.34,LATAM,4,830613,2025-02-23
SUP-002958,Supplier 2958,0.02,-50.21,54.2,APAC,2,4748223,2025-07-25
SUP-002959,Supplier 2959,0.25,26.85,-179.12,EMEA,3,1966746,2024-09-29
SUP-002960,Supplier 2960,0.91,-19.85,42.65,EMEA,4,1755904,2024-01-25
SUP-002961,Supplier 2961,0.79,-58.12,-92.24,APAC,3,2746180,2025-03-03
SUP-002962,Supplier 2962,0.96,-39.77,-44.92,EMEA,3,823892,2025-11-13
SUP-002963,Supplier 2963,0.11,4.68,74.29,NA,1,4074653,2024-11-04
SUP-002964,Supplier 2964,0.59,-19.65,20.66,APAC,1,1327779,2026-05-26
SUP-002965,Supplier 2965,0.26,30.27,-47.28,NA,3,4637885,2025-12-09
SUP-002966,Supplier 2966,0.54,-28.72,-119.73,EMEA,2,749340,2025-08-29
SUP-002967,Supplier 2967,0.32,40.46,1.97,EMEA,1,4322357,2026-01-31
SUP-002968,Supplier 2968,0.29,-22.76,-65.03,LATAM,1,1977285,2026-03-24
SUP-002969,Supplier 2969,0.57,20.71,148.65,EMEA,2,3040726,2025-11-11
SUP-002970,Supplier 2970,0.19,43.9,12.36,NA,1,4364110,2026-02-18
SUP-002971,Supplier 2971,0.47,-9.88,131.75,EMEA,3,654417,2025-11-04
SUP-002972,Supplier 2972,0.65,-53.92,-39.53,LATAM,2,1741828,2026-03-24
SUP-002973,Supplier 2973,0.14,9.61,117.88,APAC,2,4742513,2024-04-07
SUP-002974,Supplier 2974,0.92,69.4,-159.65,APAC,1,752625,2024-11-20
SUP-002975,Supplier 2975,0.51,65.97,-72.68,NA,3,523369,2026-04-18
SUP-002976,Supplier 2976,0.81,-31.27,-151.86,APAC,1,2617938,2025-03-23
SUP-002977,Supplier 2977,0.65,38.24,-168.61,NA,3,133362,2024-01-15
SUP-002978,Supplier 2978,0.71,-15.16,150.79,EMEA,4,4959799,2026-03-11
SUP-002979,Supplier 2979,0.71,-39.16,78.07,APAC,4,4519696,2025-09-10
SUP-002980,Supplier 2980,0.87,26.57,45.04,LATAM,3,949024,2026-05-09
SUP-002981,Supplier 2981,0.61,5.11,11.7,EMEA,4,871763,2024-01-16
SUP-002982,Supplier 2982,0.28,10.1,25.04,NA,4,3891596,2024-05-18
SUP-002983,Supplier 2983,0.11,47.56,49.93,LATAM,3,2608489,2025-04-26
SUP-002984,Supplier 2984,0.6,-16.25,117.57,NA,2,4118561,2024-06-20
SUP-002985,Supplier 2985,0.08,26.72,34.88,NA,3,4838409,2025-05-06
SUP-002986,Supplier 2986,0.25,-12.4,89.49,EMEA,4,2012678,
SUP-002987,Supplier 2987,0.07,-54.45,-78.85,LATAM,3,1276884,2024-07-17
SUP-002988,Supplier 2988,0.55,-10.86,171.63,NA,2,3101561,2025-12-28
SUP-002989,Supplier 2989,0.17,63.5,-168.52,EMEA,1,3178760,2024-02-06
SUP-002990,Supplier 2990,0.61,2.82,-40.83,EMEA,1,2167543,
SUP-002991,Supplier 2991,0.79,-45.93,137.54,EMEA,2,1502242,2024-05-25
SUP-002992,Supplier 2992,0.82,29.42,-115.01,EMEA,4,1319011,2025-07-01
SUP-002993,Supplier 2993,0.31,65.24,-129.12,NA,3,2612533,2026-07-24
SUP-002994,Supplier 2994,0.55,58.03,-48.44,NA,1,2136332,2024-04-16
SUP-002995,Supplier 2995,0.56,14.35,-25.85,APAC,4,2293070,2026-05-24
SUP-002996,Supplier 2996,0.47,-11.08,156.02,LATAM,2,485497,2024-10-13
SUP-002997,Supplier 2997,0.65,15.49,121.0,EMEA,2,4405159,2025-11-30
SUP-002998,Supplier 2998,0.22,46.07,-12.93,LATAM,4,3537711,2026-03-20
SUP-002999,Supplier 2999,0.97,51.96,170.27,LATAM,2,4595585,2024-08-06
SUP-003000,Supplier 3000,0.11,46.45,51.22,EMEA,3,4147673,2024-11-24
